Date,Open,High,Low,Close,adjclose,Volume
2020-06-05,33.099998474121094,35.0,31.5,33.540000915527344,33.540000915527344,12214900
2020-06-08,33.0,37.33000183105469,32.650001525878906,35.150001525878906,35.150001525878906,1942600
2020-06-09,35.599998474121094,37.290000915527344,33.72999954223633,35.5099983215332,35.5099983215332,1174800
2020-06-10,36.099998474121094,36.9900016784668,34.349998474121094,35.45000076293945,35.45000076293945,684600
2020-06-11,32.45000076293945,33.29999923706055,30.0,31.75,31.75,1258900
2020-06-12,33.11000061035156,35.08000183105469,31.229999542236328,34.75,34.75,2241100
2020-06-15,34.0,36.5,33.38999938964844,35.52000045776367,35.52000045776367,357000
2020-06-16,36.0,36.244998931884766,34.5,35.0,35.0,366300
2020-06-17,35.040000915527344,36.5,34.70000076293945,36.369998931884766,36.369998931884766,415100
2020-06-18,36.380001068115234,39.9900016784668,35.70000076293945,39.529998779296875,39.529998779296875,824100
2020-06-19,40.0,42.33000183105469,38.034000396728516,41.75,41.75,1435700
2020-06-22,41.13999938964844,44.2599983215332,40.0099983215332,40.5099983215332,40.5099983215332,779100
2020-06-23,41.20000076293945,42.9900016784668,40.27000045776367,40.5,40.5,435000
2020-06-24,39.560001373291016,40.189998626708984,37.0,37.52000045776367,37.52000045776367,638200
2020-06-25,37.150001525878906,37.61000061035156,35.349998474121094,36.029998779296875,36.029998779296875,533900
2020-06-26,36.20000076293945,37.720001220703125,36.20000076293945,37.20000076293945,37.20000076293945,437100
2020-06-29,36.84000015258789,37.209999084472656,34.77000045776367,35.93000030517578,35.93000030517578,442600
2020-06-30,36.79999923706055,37.75,34.810001373291016,35.5,35.5,544000
2020-07-01,35.790000915527344,35.9900016784668,33.18000030517578,34.0,34.0,808100
2020-07-02,34.779998779296875,36.75,34.650001525878906,36.16999816894531,36.16999816894531,545300
2020-07-06,36.70000076293945,40.400001525878906,36.349998474121094,39.38999938964844,39.38999938964844,624900
2020-07-07,38.560001373291016,45.970001220703125,38.0,42.4900016784668,42.4900016784668,1809700
2020-07-08,45.88999938964844,47.95000076293945,43.25,44.75,44.75,2269500
2020-07-09,45.27000045776367,46.349998474121094,41.099998474121094,44.83000183105469,44.83000183105469,1070500
2020-07-10,42.15999984741211,45.75,41.68000030517578,44.880001068115234,44.880001068115234,884700
2020-07-13,45.33000183105469,45.375,37.36000061035156,39.040000915527344,39.040000915527344,1259500
2020-07-14,36.81999969482422,37.970001220703125,35.52000045776367,37.7599983215332,37.7599983215332,985900
2020-07-15,39.459999084472656,41.45000076293945,37.70600128173828,39.97999954223633,39.97999954223633,874400
2020-07-16,38.29999923706055,40.599998474121094,38.06999969482422,39.41999816894531,39.41999816894531,324900
2020-07-17,39.869998931884766,39.869998931884766,38.279998779296875,38.900001525878906,38.900001525878906,254700
2020-07-20,38.849998474121094,38.862998962402344,37.14099884033203,38.04999923706055,38.04999923706055,356400
2020-07-21,38.2400016784668,38.6879997253418,36.45000076293945,37.130001068115234,37.130001068115234,631300
2020-07-22,37.0,37.11000061035156,35.029998779296875,35.79999923706055,35.79999923706055,647600
2020-07-23,35.97999954223633,36.32500076293945,35.0,36.0,36.0,399700
2020-07-24,35.16999816894531,36.25,34.7400016784668,35.400001525878906,35.400001525878906,460900
2020-07-27,35.849998474121094,37.150001525878906,34.2400016784668,36.529998779296875,36.529998779296875,271500
2020-07-28,36.310001373291016,38.7599983215332,36.040000915527344,36.7400016784668,36.7400016784668,257700
2020-07-29,37.0,38.5,36.36000061035156,38.5,38.5,187000
2020-07-30,37.11000061035156,39.0,37.060001373291016,37.58000183105469,37.58000183105469,189000
2020-07-31,37.52000045776367,38.29999923706055,36.16999816894531,38.29999923706055,38.29999923706055,300100
2020-08-03,38.2599983215332,40.400001525878906,38.099998474121094,39.599998474121094,39.599998474121094,656500
2020-08-04,39.220001220703125,40.0,38.060001373291016,39.29999923706055,39.29999923706055,466000
2020-08-05,40.29999923706055,40.29999923706055,38.630001068115234,39.40999984741211,39.40999984741211,635400
2020-08-06,41.75,44.63999938964844,40.5099983215332,43.63999938964844,43.63999938964844,1530600
2020-08-07,44.060001373291016,45.5,42.20500183105469,44.31999969482422,44.31999969482422,607200
2020-08-10,44.599998474121094,47.2400016784668,44.34000015258789,46.22999954223633,46.22999954223633,758700
2020-08-11,46.0,47.43000030517578,44.70000076293945,45.380001068115234,45.380001068115234,644400
2020-08-12,45.83000183105469,49.13999938964844,45.694000244140625,47.060001373291016,47.060001373291016,519300
2020-08-13,47.11000061035156,50.125,46.2400016784668,48.88999938964844,48.88999938964844,428100
2020-08-14,48.9900016784668,52.380001068115234,48.9900016784668,49.88999938964844,49.88999938964844,530800
2020-08-17,50.540000915527344,51.5,49.34000015258789,49.540000915527344,49.540000915527344,305400
2020-08-18,49.54999923706055,50.709999084472656,47.5099983215332,47.959999084472656,47.959999084472656,466900
2020-08-19,48.880001068115234,51.779998779296875,48.356998443603516,49.900001525878906,49.900001525878906,449400
2020-08-20,49.900001525878906,51.0,48.099998474121094,48.2400016784668,48.2400016784668,302500
2020-08-21,48.689998626708984,50.59000015258789,47.220001220703125,50.16999816894531,50.16999816894531,575300
2020-08-24,51.0,51.900001525878906,47.79999923706055,50.34000015258789,50.34000015258789,498600
2020-08-25,50.31999969482422,53.439998626708984,50.0,52.720001220703125,52.720001220703125,456300
2020-08-26,53.5,56.20000076293945,51.7400016784668,51.93000030517578,51.93000030517578,436700
2020-08-27,51.900001525878906,53.01300048828125,50.689998626708984,51.2599983215332,51.2599983215332,202000
2020-08-28,51.04999923706055,52.75,49.0,51.34000015258789,51.34000015258789,484100
2020-08-31,51.5,51.9900016784668,50.220001220703125,50.369998931884766,50.369998931884766,282700
2020-09-01,50.77000045776367,51.849998474121094,50.2599983215332,51.02000045776367,51.02000045776367,274300
2020-09-02,51.470001220703125,52.0,50.301998138427734,51.27000045776367,51.27000045776367,279100
2020-09-03,50.5,50.779998779296875,48.36000061035156,49.31999969482422,49.31999969482422,652800
2020-09-04,48.77000045776367,49.79999923706055,45.13999938964844,49.529998779296875,49.529998779296875,543000
2020-09-08,48.400001525878906,51.290000915527344,46.900001525878906,49.58000183105469,49.58000183105469,462400
2020-09-09,46.70000076293945,49.720001220703125,45.0,48.95000076293945,48.95000076293945,897000
2020-09-10,49.439998626708984,53.5,49.0,50.02000045776367,50.02000045776367,707800
2020-09-11,48.560001373291016,48.599998474121094,45.0,46.29999923706055,46.29999923706055,5157100
2020-09-14,46.04999923706055,46.7599983215332,45.150001525878906,45.40999984741211,45.40999984741211,1366800
2020-09-15,45.86000061035156,46.7400016784668,44.70000076293945,46.5,46.5,1212900
2020-09-16,46.970001220703125,47.529998779296875,46.07500076293945,46.9900016784668,46.9900016784668,1000000
2020-09-17,45.97999954223633,46.4900016784668,43.79999923706055,44.56999969482422,44.56999969482422,1022000
2020-09-18,44.58000183105469,45.65999984741211,43.290000915527344,44.380001068115234,44.380001068115234,1371100
2020-09-21,43.79999923706055,46.52000045776367,43.349998474121094,45.36000061035156,45.36000061035156,894600
2020-09-22,45.869998931884766,47.505001068115234,45.869998931884766,46.540000915527344,46.540000915527344,1036900
2020-09-23,46.81999969482422,47.58000183105469,45.93000030517578,46.63999938964844,46.63999938964844,318000
2020-09-24,45.95000076293945,46.689998626708984,43.459999084472656,44.5,44.5,732400
2020-09-25,44.45000076293945,46.79999923706055,44.19300079345703,45.380001068115234,45.380001068115234,972600
2020-09-28,45.88999938964844,46.88999938964844,45.099998474121094,45.59000015258789,45.59000015258789,316400
2020-09-29,45.54999923706055,47.79999923706055,45.54999923706055,47.2400016784668,47.2400016784668,563700
2020-09-30,47.61000061035156,49.099998474121094,47.1150016784668,48.36000061035156,48.36000061035156,786200
2020-10-01,49.54999923706055,50.5,48.369998931884766,49.689998626708984,49.689998626708984,1662400
2020-10-02,48.349998474121094,52.439998626708984,48.0,51.54999923706055,51.54999923706055,954400
2020-10-05,51.7599983215332,53.29999923706055,51.099998474121094,52.209999084472656,52.209999084472656,725600
2020-10-06,52.7400016784668,55.29999923706055,52.630001068115234,53.70000076293945,53.70000076293945,842800
2020-10-07,54.0099983215332,56.20000076293945,53.0099983215332,53.45000076293945,53.45000076293945,727100
2020-10-08,54.540000915527344,55.04999923706055,52.513999938964844,53.459999084472656,53.459999084472656,712400
2020-10-09,54.27000045776367,56.09000015258789,53.560001373291016,55.709999084472656,55.709999084472656,741800
2020-10-12,57.599998474121094,62.59000015258789,57.54999923706055,60.04999923706055,60.04999923706055,1618900
2020-10-13,60.5099983215332,62.27000045776367,57.66999816894531,58.20000076293945,58.20000076293945,1248200
2020-10-14,60.13999938964844,60.79999923706055,54.38999938964844,57.0,57.0,1585300
2020-10-15,54.970001220703125,58.75,54.310001373291016,58.439998626708984,58.439998626708984,534600
2020-10-16,59.209999084472656,60.650001525878906,58.2599983215332,59.400001525878906,59.400001525878906,548100
2020-10-19,59.290000915527344,59.720001220703125,56.77000045776367,57.7599983215332,57.7599983215332,510800
2020-10-20,58.47999954223633,60.220001220703125,57.83000183105469,59.220001220703125,59.220001220703125,444300
2020-10-21,58.650001525878906,59.79999923706055,54.810001373291016,56.810001373291016,56.810001373291016,567600
2020-10-22,57.22999954223633,57.584999084472656,55.16999816894531,56.060001373291016,56.060001373291016,346500
2020-10-23,56.06999969482422,56.400001525878906,54.07600021362305,55.97999954223633,55.97999954223633,301400
2020-10-26,55.4900016784668,55.92499923706055,51.630001068115234,53.25,53.25,437100
2020-10-27,53.5,55.93000030517578,53.5,55.77000045776367,55.77000045776367,450300
2020-10-28,53.95000076293945,54.42499923706055,51.27000045776367,52.22999954223633,52.22999954223633,680900
2020-10-29,53.41999816894531,54.38999938964844,50.77000045776367,52.77000045776367,52.77000045776367,749600
2020-10-30,52.189998626708984,52.189998626708984,47.060001373291016,50.90999984741211,50.90999984741211,1117300
2020-11-02,51.65999984741211,51.790000915527344,47.36000061035156,47.81999969482422,47.81999969482422,654200
2020-11-03,48.0099983215332,50.86000061035156,47.04999923706055,50.29999923706055,50.29999923706055,419300
2020-11-04,50.970001220703125,54.470001220703125,50.060001373291016,54.0099983215332,54.0099983215332,1072800
2020-11-05,54.59000015258789,58.61000061035156,53.07400131225586,56.75,56.75,1202100
2020-11-06,56.119998931884766,56.369998931884766,51.560001373291016,54.5,54.5,911700
2020-11-09,58.0,64.3499984741211,57.090999603271484,62.75,62.75,1999300
2020-11-10,62.0,62.345001220703125,57.02000045776367,60.0,60.0,1129400
2020-11-11,61.0,61.79999923706055,58.0099983215332,58.83000183105469,58.83000183105469,700000
2020-11-12,58.619998931884766,60.33000183105469,57.5099983215332,57.88999938964844,57.88999938964844,297700
2020-11-13,59.04999923706055,60.25,57.88999938964844,59.349998474121094,59.349998474121094,348200
2020-11-16,61.380001068115234,62.0,59.060001373291016,61.18000030517578,61.18000030517578,453700
2020-11-17,61.310001373291016,61.79999923706055,59.279998779296875,59.720001220703125,59.720001220703125,358500
2020-11-18,60.459999084472656,60.84000015258789,56.369998931884766,56.5099983215332,56.5099983215332,691500
2020-11-19,56.310001373291016,57.869998931884766,55.29999923706055,55.91999816894531,55.91999816894531,419800
2020-11-20,56.45000076293945,58.849998474121094,55.900001525878906,57.400001525878906,57.400001525878906,529100
2020-11-23,57.7400016784668,62.150001525878906,57.7400016784668,61.029998779296875,61.029998779296875,737700
2020-11-24,62.099998474121094,65.39900207519531,61.52000045776367,63.90999984741211,63.90999984741211,1109600
2020-11-25,63.869998931884766,64.77999877929688,62.56999969482422,63.630001068115234,63.630001068115234,441100
2020-11-27,63.599998474121094,64.02999877929688,61.57899856567383,61.61000061035156,61.61000061035156,348400
2020-11-30,62.0,62.560001373291016,59.17499923706055,61.630001068115234,61.630001068115234,1097700
2020-12-01,56.70000076293945,59.29999923706055,56.58000183105469,58.08000183105469,58.08000183105469,2024100
2020-12-02,57.70000076293945,58.400001525878906,55.099998474121094,55.849998474121094,55.849998474121094,2666600
2020-12-03,58.720001220703125,61.0,57.459999084472656,59.970001220703125,59.970001220703125,6497900
2020-12-04,60.9900016784668,63.900001525878906,60.5,62.54999923706055,62.54999923706055,2891000
2020-12-07,62.560001373291016,63.599998474121094,60.5099983215332,60.70000076293945,60.70000076293945,1406800
2020-12-08,61.0,62.959999084472656,60.0,61.810001373291016,61.810001373291016,1033500
2020-12-09,62.83000183105469,66.23999786376953,58.959999084472656,59.529998779296875,59.529998779296875,1988900
2020-12-10,58.59000015258789,62.150001525878906,58.529998779296875,61.43000030517578,61.43000030517578,1298700
2020-12-11,61.33000183105469,64.08000183105469,61.040000915527344,62.290000915527344,62.290000915527344,1320000
2020-12-14,62.90999984741211,64.72000122070312,61.513999938964844,63.619998931884766,63.619998931884766,1170800
2020-12-15,63.439998626708984,63.619998931884766,61.5,62.779998779296875,62.779998779296875,837700
2020-12-16,63.2599983215332,66.0,62.61000061035156,64.73999786376953,64.73999786376953,1091900
2020-12-17,65.86000061035156,68.98999786376953,65.0,67.79000091552734,67.79000091552734,1295000
2020-12-18,69.58000183105469,70.87999725341797,68.01499938964844,70.72000122070312,70.72000122070312,1409600
2020-12-21,70.0999984741211,71.88999938964844,67.18000030517578,69.73999786376953,69.73999786376953,1188200
2020-12-22,71.69000244140625,73.75,70.11000061035156,72.72000122070312,72.72000122070312,1059500
2020-12-23,74.0,74.76000213623047,71.31999969482422,71.86000061035156,71.86000061035156,566800
2020-12-24,72.56999969482422,73.26000213623047,71.61699676513672,71.79000091552734,71.79000091552734,624700
2020-12-28,73.01000213623047,73.5999984741211,70.81999969482422,71.4000015258789,71.4000015258789,525600
2020-12-29,71.88999938964844,72.94000244140625,70.0,71.01000213623047,71.01000213623047,512900
2020-12-30,69.37999725341797,74.80000305175781,69.30000305175781,74.08999633789062,74.08999633789062,786900
2020-12-31,74.6500015258789,75.44999694824219,72.01000213623047,75.4000015258789,75.4000015258789,617600
2021-01-04,75.80000305175781,76.44999694824219,69.69999694824219,71.73999786376953,71.73999786376953,927300
2021-01-05,71.87000274658203,74.76000213623047,71.73999786376953,73.7300033569336,73.7300033569336,591100
2021-01-06,68.0,72.98999786376953,67.37999725341797,68.91999816894531,68.91999816894531,1180100
2021-01-07,69.25,71.75499725341797,67.5,70.30999755859375,70.30999755859375,1004400
2021-01-08,71.25,72.98500061035156,70.52999877929688,71.7300033569336,71.7300033569336,698400
2021-01-11,70.45999908447266,73.73999786376953,69.36000061035156,72.43000030517578,72.43000030517578,641300
2021-01-12,72.19999694824219,74.5999984741211,71.87999725341797,74.27999877929688,74.27999877929688,738800
2021-01-13,74.5,75.9000015258789,72.0,73.87000274658203,73.87000274658203,649000
2021-01-14,75.06999969482422,76.94999694824219,73.61000061035156,73.9000015258789,73.9000015258789,523700
2021-01-15,74.12000274658203,74.42500305175781,69.61000061035156,70.06999969482422,70.06999969482422,679800
2021-01-19,71.48999786376953,73.12000274658203,68.7300033569336,70.47000122070312,70.47000122070312,824700
2021-01-20,68.54000091552734,72.94999694824219,68.23999786376953,70.13999938964844,70.13999938964844,1265500
2021-01-21,71.0,71.38999938964844,69.0199966430664,70.31999969482422,70.31999969482422,359100
2021-01-22,71.05000305175781,72.62999725341797,69.72100067138672,71.12999725341797,71.12999725341797,396900
2021-01-25,72.08999633789062,73.94999694824219,69.8499984741211,70.27999877929688,70.27999877929688,737000
2021-01-26,71.62000274658203,72.56999969482422,67.3499984741211,67.58000183105469,67.58000183105469,1136500
2021-01-27,67.63999938964844,67.66999816894531,62.5,64.19999694824219,64.19999694824219,1696200
2021-01-28,65.94000244140625,68.98999786376953,65.0,68.12000274658203,68.12000274658203,790800
2021-01-29,69.0,69.4010009765625,64.79000091552734,65.01000213623047,65.01000213623047,729800
2021-02-01,66.55000305175781,68.11000061035156,65.0,67.83999633789062,67.83999633789062,615100
2021-02-02,70.3499984741211,72.80999755859375,68.75,71.30000305175781,71.30000305175781,650300
2021-02-03,71.5,72.83000183105469,69.70999908447266,72.69999694824219,72.69999694824219,374000
2021-02-04,73.0,76.48999786376953,72.94999694824219,74.7300033569336,74.7300033569336,663900
2021-02-05,75.48999786376953,78.66000366210938,74.01499938964844,77.75,77.75,892000
2021-02-08,79.30000305175781,81.1240005493164,78.18000030517578,80.19000244140625,80.19000244140625,703900
2021-02-09,81.0,83.56999969482422,80.31999969482422,80.56999969482422,80.56999969482422,706000
2021-02-10,81.0,82.86000061035156,79.58999633789062,81.48999786376953,81.48999786376953,623800
2021-02-11,82.0,83.5999984741211,81.27999877929688,81.91000366210938,81.91000366210938,330300
2021-02-12,82.61000061035156,83.3499984741211,80.80000305175781,81.22000122070312,81.22000122070312,370800
2021-02-16,82.0,83.08000183105469,80.62999725341797,81.56999969482422,81.56999969482422,596200
2021-02-17,81.98999786376953,82.0,77.55000305175781,81.69999694824219,81.69999694824219,500000
2021-02-18,80.18000030517578,81.69999694824219,78.66000366210938,80.55999755859375,80.55999755859375,477700
2021-02-19,80.61000061035156,83.5,80.61000061035156,81.83000183105469,81.83000183105469,555900
2021-02-22,82.0,83.5,78.19999694824219,79.98999786376953,79.98999786376953,618000
2021-02-23,77.86000061035156,81.72000122070312,72.5,81.25,81.25,677700
2021-02-24,81.0,83.5,77.5,82.91999816894531,82.91999816894531,699300
2021-02-25,82.08000183105469,83.37999725341797,73.81500244140625,74.86000061035156,74.86000061035156,661600
2021-02-26,75.41999816894531,78.0,73.51000213623047,76.5,76.5,571000
2021-03-01,78.66000366210938,79.75,77.1500015258789,77.95999908447266,77.95999908447266,712200
2021-03-02,79.0,79.30000305175781,73.875,75.01000213623047,75.01000213623047,569900
2021-03-03,75.5,75.5,70.04000091552734,71.0,71.0,930000
2021-03-04,71.0,80.87000274658203,71.0,77.63999938964844,77.63999938964844,2297800
2021-03-05,76.1500015258789,79.9800033569336,69.56999969482422,76.0999984741211,76.0999984741211,1717300
2021-03-08,76.62999725341797,77.5,73.0,74.36000061035156,74.36000061035156,1302700
2021-03-09,77.0,81.22000122070312,76.38999938964844,80.86000061035156,80.86000061035156,986200
2021-03-10,81.0,84.69999694824219,79.4000015258789,82.79000091552734,82.79000091552734,962600
2021-03-11,86.48999786376953,99.26499938964844,85.77999877929688,94.7300033569336,94.7300033569336,3282200
2021-03-12,89.79000091552734,95.79000091552734,88.7699966430664,93.41000366210938,93.41000366210938,1889300
2021-03-15,93.0,99.0,92.26000213623047,97.8499984741211,97.8499984741211,1241900
2021-03-16,97.2699966430664,98.5,93.52999877929688,95.2699966430664,95.2699966430664,1257000
2021-03-17,92.13999938964844,92.61000061035156,84.37999725341797,89.25,89.25,2073600
2021-03-18,89.0,89.12999725341797,84.30000305175781,85.79000091552734,85.79000091552734,1314700
2021-03-19,86.0,87.83000183105469,84.0199966430664,84.61000061035156,84.61000061035156,1144600
2021-03-22,85.0,86.97000122070312,82.52999877929688,84.12000274658203,84.12000274658203,900600
2021-03-23,83.36000061035156,85.20999908447266,82.51000213623047,83.9000015258789,83.9000015258789,628200
2021-03-24,84.5,84.5,80.30000305175781,80.58000183105469,80.58000183105469,1049600
2021-03-25,80.0,83.58999633789062,78.75,83.05999755859375,83.05999755859375,1091900
2021-03-26,83.0,86.43000030517578,82.16000366210938,85.61000061035156,85.61000061035156,1780600
2021-03-29,86.0,87.5,79.55000305175781,82.91999816894531,82.91999816894531,1373200
2021-03-30,82.9000015258789,82.9000015258789,79.66000366210938,81.58999633789062,81.58999633789062,1007600
2021-03-31,82.30000305175781,84.93000030517578,81.8499984741211,82.01000213623047,82.01000213623047,673000
2021-04-01,84.79000091552734,87.94000244140625,84.02999877929688,87.06999969482422,87.06999969482422,643100
2021-04-05,89.0,91.18000030517578,87.0,90.5,90.5,762600
2021-04-06,90.0,94.7699966430664,89.62000274658203,93.08000183105469,93.08000183105469,927800
2021-04-07,93.0,95.7699966430664,91.52999877929688,94.41000366210938,94.41000366210938,1128500
2021-04-08,95.0,101.4000015258789,94.9800033569336,100.18000030517578,100.18000030517578,1744700
2021-04-09,100.0,104.11000061035156,97.06999969482422,101.4000015258789,101.4000015258789,1329700
2021-04-12,100.2699966430664,102.13999938964844,95.13999938964844,100.38999938964844,100.38999938964844,933300
2021-04-13,100.0,101.76000213623047,95.19999694824219,98.0199966430664,98.0199966430664,954700
2021-04-14,98.0199966430664,100.66000366210938,95.4000015258789,95.66000366210938,95.66000366210938,892600
2021-04-15,97.0,99.80999755859375,96.75,99.66999816894531,99.66999816894531,454900
2021-04-16,100.0999984741211,100.55999755859375,97.1500015258789,98.31999969482422,98.31999969482422,630900
2021-04-19,98.0,98.08999633789062,94.05000305175781,94.54000091552734,94.54000091552734,589100
2021-04-20,94.62999725341797,96.55000305175781,92.5,94.63999938964844,94.63999938964844,569700
2021-04-21,93.5,99.48999786376953,93.12000274658203,98.8499984741211,98.8499984741211,667900
2021-04-22,99.45999908447266,100.0199966430664,96.48999786376953,97.33999633789062,97.33999633789062,691600
2021-04-23,98.0,100.41999816894531,97.5,99.1500015258789,99.1500015258789,455100
2021-04-26,99.0,101.31999969482422,98.12999725341797,101.01000213623047,101.01000213623047,931900
2021-04-27,101.43000030517578,103.22000122070312,96.62000274658203,97.3499984741211,97.3499984741211,1145400
2021-04-28,98.0,99.77999877929688,96.50499725341797,98.9000015258789,98.9000015258789,604700
2021-04-29,99.62999725341797,99.97200012207031,94.58999633789062,97.75,97.75,732300
2021-04-30,95.80000305175781,100.18000030517578,95.80000305175781,98.88999938964844,98.88999938964844,535400
2021-05-03,99.83999633789062,100.48999786376953,97.37300109863281,99.12999725341797,99.12999725341797,530800
2021-05-04,97.41000366210938,97.68900299072266,92.81999969482422,95.08999633789062,95.08999633789062,1030200
2021-05-05,96.31999969482422,96.4000015258789,93.58999633789062,95.2300033569336,95.2300033569336,525900
2021-05-06,93.0,93.09500122070312,75.1500015258789,84.1500015258789,84.1500015258789,4838900
2021-05-07,87.19999694824219,90.33999633789062,86.37000274658203,87.36000061035156,87.36000061035156,2209500
2021-05-10,86.63999938964844,87.0,82.20999908447266,83.58999633789062,83.58999633789062,891600
2021-05-11,80.02999877929688,86.54499816894531,78.9800033569336,83.56999969482422,83.56999969482422,1225900
2021-05-12,83.0,83.8499984741211,78.52999877929688,80.05999755859375,80.05999755859375,731800
2021-05-13,80.72000122070312,82.02999877929688,75.66000366210938,78.05000305175781,78.05000305175781,997900
2021-05-14,79.33000183105469,83.91999816894531,79.33000183105469,82.79000091552734,82.79000091552734,1039600
2021-05-17,82.27999877929688,85.80999755859375,81.37999725341797,85.6500015258789,85.6500015258789,1176900
2021-05-18,86.0,91.95999908447266,85.1449966430664,88.18000030517578,88.18000030517578,741400
2021-05-19,86.0,88.36000061035156,84.01000213623047,88.16000366210938,88.16000366210938,781900
2021-05-20,89.68000030517578,92.37999725341797,89.01000213623047,91.48999786376953,91.48999786376953,1107200
2021-05-21,91.69999694824219,94.83999633789062,88.86000061035156,89.0999984741211,89.0999984741211,938700
2021-05-24,90.25,92.95899963378906,89.22000122070312,92.62999725341797,92.62999725341797,485400
2021-05-25,93.11000061035156,95.41999816894531,92.3499984741211,92.55000305175781,92.55000305175781,537200
2021-05-26,92.5,94.44000244140625,91.44000244140625,93.62000274658203,93.62000274658203,638200
2021-05-27,93.48999786376953,95.30000305175781,92.63999938964844,94.77999877929688,94.77999877929688,543100
2021-05-28,95.0,95.25,93.0999984741211,93.29000091552734,93.29000091552734,495900
2021-06-01,93.98999786376953,97.06999969482422,92.95999908447266,95.23999786376953,95.23999786376953,537300
2021-06-02,94.93000030517578,95.0,92.77999877929688,93.16000366210938,93.16000366210938,591100
2021-06-03,92.41999816894531,93.08000183105469,89.66000366210938,91.87999725341797,91.87999725341797,390500
2021-06-04,91.91000366210938,95.0,91.91000366210938,95.0,95.0,394900
2021-06-07,95.0,99.5,94.29499816894531,97.75,97.75,760000
2021-06-08,98.0999984741211,99.38999938964844,95.45999908447266,98.80999755859375,98.80999755859375,585100
2021-06-09,99.0,99.98999786376953,94.12000274658203,94.55999755859375,94.55999755859375,510100
2021-06-10,92.29000091552734,95.79000091552734,91.0,95.79000091552734,95.79000091552734,909700
2021-06-11,96.33000183105469,100.0,96.0,99.9000015258789,99.9000015258789,806900
2021-06-14,99.9000015258789,100.9800033569336,97.27999877929688,97.66000366210938,97.66000366210938,1074600
2021-06-15,97.66000366210938,98.12999725341797,95.51000213623047,95.95999908447266,95.95999908447266,580100
2021-06-16,96.0,97.86000061035156,95.41999816894531,96.91000366210938,96.91000366210938,555600
2021-06-17,96.5,100.125,96.0199966430664,98.2699966430664,98.2699966430664,858200
2021-06-18,97.56999969482422,100.0,97.12000274658203,98.4800033569336,98.4800033569336,819300
2021-06-21,98.91000366210938,101.75,97.44000244140625,100.51000213623047,100.51000213623047,1051500
2021-06-22,100.5,101.30000305175781,96.13800048828125,98.79000091552734,98.79000091552734,663200
2021-06-23,99.0,101.58999633789062,98.48400115966797,99.83999633789062,99.83999633789062,476500
2021-06-24,100.4800033569336,103.37000274658203,98.33999633789062,99.18000030517578,99.18000030517578,1029100
2021-06-25,99.18000030517578,99.9000015258789,96.37999725341797,98.48999786376953,98.48999786376953,2911100
2021-06-28,98.69000244140625,99.7699966430664,95.5,95.95999908447266,95.95999908447266,617400
2021-06-29,96.0,96.70999908447266,94.2300033569336,94.81999969482422,94.81999969482422,712600
2021-06-30,94.06999969482422,95.77999877929688,92.67900085449219,93.72000122070312,93.72000122070312,779200
2021-07-01,95.33999633789062,95.79000091552734,93.08999633789062,95.19000244140625,95.19000244140625,698000
2021-07-02,95.66999816894531,97.61000061035156,95.44999694824219,96.86000061035156,96.86000061035156,488100
2021-07-06,97.4000015258789,98.23999786376953,95.51000213623047,96.41999816894531,96.41999816894531,694900
2021-07-07,96.94999694824219,97.45999908447266,93.22000122070312,94.91000366210938,94.91000366210938,377300
2021-07-08,92.79000091552734,94.38999938964844,91.19000244140625,93.06999969482422,93.06999969482422,718400
2021-07-09,93.94999694824219,96.98999786376953,92.625,96.37000274658203,96.37000274658203,336500
2021-07-12,97.0,97.83000183105469,95.08999633789062,97.56999969482422,97.56999969482422,602400
2021-07-13,97.0199966430664,98.95999908447266,95.86000061035156,96.20999908447266,96.20999908447266,572200
2021-07-14,97.36000061035156,97.36000061035156,93.44999694824219,93.48999786376953,93.48999786376953,353900
2021-07-15,92.80999755859375,93.80999755859375,90.80000305175781,92.33000183105469,92.33000183105469,439100
2021-07-16,95.27999877929688,95.81999969482422,90.94000244140625,91.44000244140625,91.44000244140625,1331500
2021-07-19,90.01000213623047,90.27999877929688,86.22000122070312,88.0199966430664,88.0199966430664,1276700
2021-07-20,88.98999786376953,93.19999694824219,88.13999938964844,91.68000030517578,91.68000030517578,704900
2021-07-21,85.16999816894531,86.97000122070312,83.5,86.08000183105469,86.08000183105469,6056900
2021-07-22,90.0,90.5,86.58999633789062,89.0199966430664,89.0199966430664,3872500
2021-07-23,89.2300033569336,90.11000061035156,87.16999816894531,89.30000305175781,89.30000305175781,886600
2021-07-26,89.30000305175781,89.80000305175781,87.05000305175781,87.5199966430664,87.5199966430664,826600
2021-07-27,87.19000244140625,88.05000305175781,85.0,87.62999725341797,87.62999725341797,628000
2021-07-28,88.6500015258789,90.80000305175781,87.12999725341797,89.97000122070312,89.97000122070312,984300
2021-07-29,90.3499984741211,92.5199966430664,89.68000030517578,90.18000030517578,90.18000030517578,763000
2021-07-30,89.33000183105469,90.0199966430664,88.02999877929688,89.19000244140625,89.19000244140625,588700
2021-08-02,90.20999908447266,91.51000213623047,86.94999694824219,87.3499984741211,87.3499984741211,664900
2021-08-03,87.5,88.33999633789062,85.23500061035156,88.1500015258789,88.1500015258789,1164200
2021-08-04,87.04000091552734,87.94999694824219,84.92400360107422,85.69000244140625,85.69000244140625,1124300
2021-08-05,86.5,92.6500015258789,85.5,87.16000366210938,87.16000366210938,1329900
2021-08-06,87.93000030517578,91.41999816894531,87.7300033569336,89.87000274658203,89.87000274658203,1050000
2021-08-09,89.30000305175781,89.38999938964844,86.61000061035156,86.87000274658203,86.87000274658203,783900
2021-08-10,84.1500015258789,85.70500183105469,83.1500015258789,84.87000274658203,84.87000274658203,3557600
2021-08-11,85.19999694824219,87.98999786376953,85.0,86.48999786376953,86.48999786376953,1448500
2021-08-12,86.5,86.58999633789062,84.51000213623047,85.38999938964844,85.38999938964844,442700
2021-08-13,86.43000030517578,86.51000213623047,83.44999694824219,84.0999984741211,84.0999984741211,532800
2021-08-16,83.12999725341797,84.0,81.51000213623047,82.25,82.25,1249300
2021-08-17,81.0,81.72000122070312,79.01000213623047,79.56999969482422,79.56999969482422,1070700
2021-08-18,79.8499984741211,81.38999938964844,77.61000061035156,79.69000244140625,79.69000244140625,1107700
2021-08-19,78.19999694824219,80.5,77.29000091552734,78.38999938964844,78.38999938964844,587500
2021-08-20,78.2699966430664,79.5,77.25,78.81999969482422,78.81999969482422,545700
2021-08-23,79.76000213623047,83.81999969482422,79.44999694824219,83.30999755859375,83.30999755859375,1242200
2021-08-24,84.16000366210938,86.68000030517578,83.5199966430664,85.54000091552734,85.54000091552734,867400
2021-08-25,85.69999694824219,86.95999908447266,84.66999816894531,85.0999984741211,85.0999984741211,581400
2021-08-26,84.73999786376953,84.80500030517578,81.33999633789062,83.0,83.0,745100
2021-08-27,83.70999908447266,88.33999633789062,83.5,87.51000213623047,87.51000213623047,1172700
2021-08-30,88.0,88.5,84.13999938964844,85.58000183105469,85.58000183105469,818900
2021-08-31,85.80999755859375,87.1500015258789,85.69999694824219,85.70999908447266,85.70999908447266,725800
2021-09-01,86.9000015258789,89.47000122070312,86.55000305175781,87.83999633789062,87.83999633789062,593200
2021-09-02,88.37000274658203,88.87000274658203,86.80000305175781,86.81999969482422,86.81999969482422,540700
2021-09-03,86.37000274658203,87.54900360107422,85.37999725341797,85.44999694824219,85.44999694824219,415300
2021-09-07,85.4000015258789,87.00499725341797,84.54000091552734,86.26000213623047,86.26000213623047,2133600
2021-09-08,81.19999694824219,83.2300033569336,80.62000274658203,81.62000274658203,81.62000274658203,2853700
2021-09-09,81.5999984741211,82.44000244140625,79.8499984741211,80.5199966430664,80.5199966430664,1594500
2021-09-10,80.86000061035156,81.31999969482422,78.5,78.7300033569336,78.7300033569336,1147500
2021-09-13,79.44999694824219,79.64399719238281,76.62000274658203,79.11000061035156,79.11000061035156,1059600
2021-09-14,79.5,79.5,76.91999816894531,77.56999969482422,77.56999969482422,973800
2021-09-15,77.5999984741211,78.0,75.33999633789062,77.51000213623047,77.51000213623047,1418200
2021-09-16,78.58999633789062,81.98999786376953,78.25,80.3499984741211,80.3499984741211,1065000
2021-09-17,80.3499984741211,82.0,80.19999694824219,81.4800033569336,81.4800033569336,1718200
2021-09-20,79.0999984741211,82.19999694824219,78.19999694824219,80.5,80.5,1159500
2021-09-21,81.01000213623047,81.29000091552734,79.19999694824219,80.3499984741211,80.3499984741211,968900
2021-09-22,80.3499984741211,84.98999786376953,79.48999786376953,84.0199966430664,84.0199966430664,1231400
2021-09-23,84.4800033569336,87.16999816894531,83.18000030517578,87.0,87.0,818400
2021-09-24,86.66000366210938,87.66000366210938,85.70999908447266,86.81999969482422,86.81999969482422,912600
2021-09-27,85.83999633789062,87.0999984741211,84.47000122070312,85.4800033569336,85.4800033569336,710500
2021-09-28,84.6500015258789,84.76000213623047,81.69000244140625,82.12999725341797,82.12999725341797,1242500
2021-09-29,82.80999755859375,82.85199737548828,79.44000244140625,79.47000122070312,79.47000122070312,688900
2021-09-30,79.70999908447266,80.1500015258789,77.45999908447266,77.5199966430664,77.5199966430664,968500
2021-10-01,78.0,82.83999633789062,77.86000061035156,81.87999725341797,81.87999725341797,1097800
2021-10-04,82.08000183105469,82.08000183105469,77.822998046875,78.55000305175781,78.55000305175781,1080600
2021-10-05,78.91000366210938,80.3499984741211,78.0999984741211,79.7699966430664,79.7699966430664,1295800
2021-10-06,78.06999969482422,79.7699966430664,77.87000274658203,78.44000244140625,78.44000244140625,746100
2021-10-07,79.37000274658203,81.91000366210938,79.02999877929688,79.66999816894531,79.66999816894531,793200
2021-10-08,79.68000030517578,79.83499908447266,73.93000030517578,74.0,74.0,1324500
2021-10-11,74.01000213623047,74.20999908447266,68.0,68.0999984741211,68.0999984741211,2262200
2021-10-12,68.70999908447266,72.05999755859375,68.70999908447266,70.4800033569336,70.4800033569336,1432500
2021-10-13,71.0,71.94999694824219,69.0199966430664,69.52999877929688,69.52999877929688,716700
2021-10-14,70.06999969482422,72.48999786376953,69.97000122070312,71.06999969482422,71.06999969482422,737700
2021-10-15,72.0,76.45999908447266,71.8499984741211,75.6500015258789,75.6500015258789,1646200
2021-10-18,74.51000213623047,75.91999816894531,73.87200164794922,75.19000244140625,75.19000244140625,1148500
2021-10-19,76.37000274658203,77.01000213623047,74.62999725341797,76.43000030517578,76.43000030517578,897500
2021-10-20,76.7699966430664,78.18000030517578,76.375,76.97000122070312,76.97000122070312,800100
2021-10-21,77.0,77.51000213623047,76.19999694824219,76.81999969482422,76.81999969482422,1018200
2021-10-22,76.16999816894531,77.29000091552734,75.58000183105469,76.9000015258789,76.9000015258789,704100
2021-10-25,77.08999633789062,78.0,76.75499725341797,77.66999816894531,77.66999816894531,551400
2021-10-26,78.5999984741211,79.0,77.66000366210938,78.23999786376953,78.23999786376953,943700
2021-10-27,77.55999755859375,78.11000061035156,70.96499633789062,71.93000030517578,71.93000030517578,2627300
2021-10-28,71.94000244140625,72.41000366210938,57.63199996948242,64.19000244140625,64.19000244140625,7320800
2021-10-29,64.26000213623047,66.3499984741211,60.3650016784668,63.130001068115234,63.130001068115234,3092300
2021-11-01,62.880001068115234,65.80000305175781,62.439998626708984,63.77000045776367,63.77000045776367,1796500
2021-11-02,64.08000183105469,64.8499984741211,59.05500030517578,59.22999954223633,59.22999954223633,1776700
2021-11-03,59.560001373291016,60.8849983215332,58.58000183105469,59.16999816894531,59.16999816894531,841300
2021-11-04,59.0,59.16999816894531,57.400001525878906,58.349998474121094,58.349998474121094,1563300
2021-11-05,58.810001373291016,61.52000045776367,58.75,60.619998931884766,60.619998931884766,1066400
2021-11-08,61.279998779296875,62.849998474121094,60.310001373291016,61.970001220703125,61.970001220703125,1449800
2021-11-09,62.0,62.47999954223633,57.959999084472656,58.720001220703125,58.720001220703125,2350300
2021-11-10,69.43000030517578,73.91999816894531,67.0999984741211,68.19000244140625,68.19000244140625,4761400
2021-11-11,68.68000030517578,69.36000061035156,64.16799926757812,67.1500015258789,67.1500015258789,2348300
2021-11-12,66.97000122070312,69.2300033569336,65.30999755859375,68.4000015258789,68.4000015258789,1545200
2021-11-15,69.0,71.44000244140625,68.66999816894531,70.91999816894531,70.91999816894531,1433700
2021-11-16,71.5,72.63999938964844,69.76000213623047,72.62000274658203,72.62000274658203,1382300
2021-11-17,71.77999877929688,72.16000366210938,65.27999877929688,66.0,66.0,2435900
2021-11-18,66.80999755859375,67.29000091552734,61.650001525878906,61.779998779296875,61.779998779296875,1417000
2021-11-19,61.470001220703125,62.369998931884766,58.099998474121094,58.279998779296875,58.279998779296875,1943900
2021-11-22,58.7400016784668,58.900001525878906,53.5,55.02000045776367,55.02000045776367,1963200
2021-11-23,54.95000076293945,56.400001525878906,53.457000732421875,54.70000076293945,54.70000076293945,2106600
2021-11-24,54.0,57.244998931884766,53.5,56.54999923706055,56.54999923706055,1462000
2021-11-26,54.060001373291016,55.36000061035156,52.599998474121094,54.11000061035156,54.11000061035156,775500
2021-11-29,54.880001068115234,55.125,50.75,51.79999923706055,51.79999923706055,1733900
2021-11-30,52.380001068115234,53.45000076293945,49.150001525878906,52.02000045776367,52.02000045776367,1566500
2021-12-01,53.18000030517578,53.96500015258789,48.7400016784668,49.220001220703125,49.220001220703125,2331300
2021-12-02,49.029998779296875,52.56999969482422,48.58000183105469,52.4900016784668,52.4900016784668,1965200
2021-12-03,52.220001220703125,52.54999923706055,49.189998626708984,51.06999969482422,51.06999969482422,1449400
2021-12-06,51.0,55.630001068115234,49.0,54.790000915527344,54.790000915527344,1897500
2021-12-07,56.58000183105469,58.43000030517578,56.119998931884766,57.0,57.0,1978200
2021-12-08,56.7599983215332,58.14500045776367,55.11000061035156,57.56999969482422,57.56999969482422,966900
2021-12-09,57.16999816894531,58.5,55.60499954223633,56.0099983215332,56.0099983215332,1027000
2021-12-10,56.0099983215332,58.38999938964844,54.33000183105469,55.040000915527344,55.040000915527344,988100
2021-12-13,54.40999984741211,55.415000915527344,53.18000030517578,54.220001220703125,54.220001220703125,1044300
2021-12-14,53.540000915527344,55.91999816894531,51.41999816894531,52.47999954223633,52.47999954223633,1514800
2021-12-15,52.0,52.5099983215332,48.83000183105469,52.15999984741211,52.15999984741211,1838000
2021-12-16,53.0,53.220001220703125,49.0099983215332,50.54999923706055,50.54999923706055,1624700
2021-12-17,51.41999816894531,56.48500061035156,48.880001068115234,55.939998626708984,55.939998626708984,2407900
2021-12-20,54.02000045776367,57.310001373291016,53.86000061035156,56.459999084472656,56.459999084472656,1255700
2021-12-21,56.58000183105469,61.619998931884766,56.0,60.79999923706055,60.79999923706055,1412300
2021-12-22,60.0,60.849998474121094,58.189998626708984,59.97999954223633,59.97999954223633,1793000
2021-12-23,59.66999816894531,59.7400016784668,56.720001220703125,59.15999984741211,59.15999984741211,1175100
2021-12-27,58.75,59.709999084472656,57.68000030517578,57.959999084472656,57.959999084472656,670000
2021-12-28,57.540000915527344,58.84000015258789,56.5099983215332,57.47999954223633,57.47999954223633,1592400
2021-12-29,57.529998779296875,57.880001068115234,55.88999938964844,56.060001373291016,56.060001373291016,725700
2021-12-30,56.28499984741211,60.47999954223633,56.099998474121094,59.16999816894531,59.16999816894531,1245700
2021-12-31,58.83000183105469,60.23500061035156,57.79999923706055,57.93000030517578,57.93000030517578,1205300
2022-01-03,58.34000015258789,60.150001525878906,56.599998474121094,59.68000030517578,59.68000030517578,997500
2022-01-04,60.52000045776367,61.41999816894531,57.04999923706055,58.470001220703125,58.470001220703125,1089700
2022-01-05,57.66999816894531,58.525001525878906,53.709999084472656,54.2599983215332,54.2599983215332,1467500
2022-01-06,54.27000045776367,58.099998474121094,53.08000183105469,56.36000061035156,56.36000061035156,1227600
2022-01-07,55.880001068115234,58.0,54.832000732421875,56.56999969482422,56.56999969482422,1498600
2022-01-10,55.72999954223633,56.15999984741211,53.15999984741211,55.72999954223633,55.72999954223633,1202800
2022-01-11,55.0099983215332,57.459999084472656,53.560001373291016,56.38999938964844,56.38999938964844,905900
2022-01-12,56.970001220703125,57.86000061035156,54.63999938964844,54.90999984741211,54.90999984741211,506800
2022-01-13,54.900001525878906,55.4900016784668,51.150001525878906,51.5099983215332,51.5099983215332,1228200
2022-01-14,50.75,52.560001373291016,49.45000076293945,51.0,51.0,1368200
2022-01-18,49.13999938964844,51.099998474121094,48.58000183105469,49.47999954223633,49.47999954223633,979900
2022-01-19,49.77000045776367,50.619998931884766,48.7599983215332,49.130001068115234,49.130001068115234,1335800
2022-01-20,48.97999954223633,52.900001525878906,48.810001373291016,49.52000045776367,49.52000045776367,1704900
2022-01-21,48.70000076293945,49.540000915527344,46.2400016784668,46.43000030517578,46.43000030517578,1489000
2022-01-24,44.560001373291016,48.77000045776367,43.084999084472656,48.040000915527344,48.040000915527344,1854000
2022-01-25,46.849998474121094,48.16999816894531,45.4900016784668,46.61000061035156,46.61000061035156,1345100
2022-01-26,48.72999954223633,49.5,45.400001525878906,46.08000183105469,46.08000183105469,1520800
2022-01-27,46.13999938964844,47.849998474121094,43.66999816894531,44.529998779296875,44.529998779296875,1201700
2022-01-28,44.93000030517578,48.08000183105469,43.75,47.79999923706055,47.79999923706055,1443000
2022-01-31,47.90999984741211,52.81999969482422,47.58000183105469,52.720001220703125,52.720001220703125,2708500
2022-02-01,53.369998931884766,54.220001220703125,51.790000915527344,52.81999969482422,52.81999969482422,1750100
2022-02-02,51.91999816894531,52.470001220703125,50.0099983215332,51.5099983215332,51.5099983215332,1461300
2022-02-03,50.04999923706055,50.86000061035156,48.5,48.779998779296875,48.779998779296875,873600
2022-02-04,49.119998931884766,50.38999938964844,48.04999923706055,50.02000045776367,50.02000045776367,631400
2022-02-07,50.0099983215332,52.400001525878906,49.57600021362305,51.0,51.0,528300
2022-02-08,50.91999816894531,52.119998931884766,50.13999938964844,51.400001525878906,51.400001525878906,958200
2022-02-09,52.31999969482422,55.470001220703125,51.80500030517578,55.400001525878906,55.400001525878906,1119000
2022-02-10,54.099998474121094,57.69499969482422,53.516998291015625,55.29999923706055,55.29999923706055,1182700
2022-02-11,55.9900016784668,57.79999923706055,54.84000015258789,55.0099983215332,55.0099983215332,871600
2022-02-14,54.54999923706055,56.7400016784668,54.18000030517578,54.93000030517578,54.93000030517578,671100
2022-02-15,55.779998779296875,58.32600021362305,55.7599983215332,57.90999984741211,57.90999984741211,989500
2022-02-16,57.060001373291016,57.959999084472656,56.18000030517578,56.5099983215332,56.5099983215332,648600
2022-02-17,56.09000015258789,56.415000915527344,54.130001068115234,54.630001068115234,54.630001068115234,566200
2022-02-18,54.22999954223633,54.40999984741211,51.25,51.279998779296875,51.279998779296875,1210200
2022-02-22,50.7599983215332,52.5,48.470001220703125,48.599998474121094,48.599998474121094,821200
2022-02-23,48.9900016784668,50.36000061035156,45.18000030517578,45.25,45.25,1376100
2022-02-24,43.5,51.349998474121094,43.22999954223633,51.25,51.25,1199700
2022-02-25,51.189998626708984,52.59000015258789,48.630001068115234,52.31999969482422,52.31999969482422,968900
2022-02-28,52.119998931884766,53.209999084472656,50.66999816894531,52.650001525878906,52.650001525878906,1457300
2022-03-01,49.810001373291016,51.29999923706055,45.709999084472656,46.61000061035156,46.61000061035156,2785600
2022-03-02,46.900001525878906,50.130001068115234,46.900001525878906,48.86000061035156,48.86000061035156,1742400
2022-03-03,49.0,49.13999938964844,45.6150016784668,46.04999923706055,46.04999923706055,1105100
2022-03-04,45.869998931884766,46.279998779296875,43.56999969482422,43.959999084472656,43.959999084472656,1293100
2022-03-07,44.04999923706055,44.75,39.619998931884766,39.849998474121094,39.849998474121094,1779700
2022-03-08,39.56999969482422,43.41999816894531,38.880001068115234,41.95000076293945,41.95000076293945,1418100
2022-03-09,44.04999923706055,47.380001068115234,44.04999923706055,45.77000045776367,45.77000045776367,1106500
2022-03-10,48.060001373291016,50.560001373291016,47.41999816894531,50.45000076293945,50.45000076293945,2014500
2022-03-11,51.86000061035156,52.43000030517578,49.75,49.790000915527344,49.790000915527344,1407800
2022-03-14,49.45000076293945,49.86000061035156,45.5099983215332,45.9900016784668,45.9900016784668,1385200
2022-03-15,47.459999084472656,51.970001220703125,46.290000915527344,51.90999984741211,51.90999984741211,1182100
2022-03-16,53.22999954223633,56.34000015258789,52.79800033569336,56.150001525878906,56.150001525878906,1538500
2022-03-17,55.459999084472656,57.40999984741211,54.560001373291016,57.36000061035156,57.36000061035156,1204100
2022-03-18,57.689998626708984,60.0099983215332,56.439998626708984,59.63999938964844,59.63999938964844,1319400
2022-03-21,58.59000015258789,59.20000076293945,56.68000030517578,58.099998474121094,58.099998474121094,919100
2022-03-22,57.93000030517578,62.119998931884766,57.599998474121094,60.529998779296875,60.529998779296875,1117600
2022-03-23,59.75,62.099998474121094,59.02000045776367,59.880001068115234,59.880001068115234,819400
2022-03-24,60.04999923706055,61.290000915527344,58.20000076293945,61.16999816894531,61.16999816894531,385600
2022-03-25,60.959999084472656,61.16999816894531,58.66999816894531,60.86000061035156,60.86000061035156,579500
2022-03-28,61.16999816894531,62.650001525878906,58.68000030517578,61.0,61.0,891200
2022-03-29,62.86000061035156,66.47000122070312,62.31999969482422,65.5,65.5,1120300
2022-03-30,64.55000305175781,66.71900177001953,63.459999084472656,64.72000122070312,64.72000122070312,1360800
2022-03-31,64.30000305175781,65.86000061035156,61.720001220703125,61.93000030517578,61.93000030517578,1436800
2022-04-01,62.79999923706055,65.08000183105469,62.119998931884766,63.540000915527344,63.540000915527344,564800
2022-04-04,65.58999633789062,66.86000061035156,64.07499694824219,65.44000244140625,65.44000244140625,1210400
2022-04-05,65.05999755859375,66.0,63.529998779296875,64.27999877929688,64.27999877929688,1479000
2022-04-06,62.90999984741211,64.37999725341797,61.11000061035156,63.91999816894531,63.91999816894531,1051200
2022-04-07,64.05000305175781,64.36900329589844,57.290000915527344,59.18000030517578,59.18000030517578,3414400
2022-04-08,58.15999984741211,59.27000045776367,56.49100112915039,58.22999954223633,58.22999954223633,988500
2022-04-11,57.290000915527344,59.900001525878906,56.880001068115234,58.540000915527344,58.540000915527344,624500
2022-04-12,59.40999984741211,60.83000183105469,58.560001373291016,59.029998779296875,59.029998779296875,471900
2022-04-13,58.68000030517578,63.15999984741211,58.029998779296875,62.040000915527344,62.040000915527344,888200
2022-04-14,62.060001373291016,62.5,60.040000915527344,60.31999969482422,60.31999969482422,559600
2022-04-18,60.310001373291016,61.18000030517578,58.90999984741211,60.189998626708984,60.189998626708984,734800
2022-04-19,55.4900016784668,58.18000030517578,55.4900016784668,57.72999954223633,57.72999954223633,1814100
2022-04-20,57.529998779296875,58.040000915527344,55.349998474121094,55.36000061035156,55.36000061035156,823500
2022-04-21,56.75,57.849998474121094,52.939998626708984,53.15999984741211,53.15999984741211,1179900
2022-04-22,52.650001525878906,54.22999954223633,50.91999816894531,51.04999923706055,51.04999923706055,909000
2022-04-25,50.70000076293945,55.22999954223633,50.06999969482422,54.83000183105469,54.83000183105469,1077400
2022-04-26,53.880001068115234,54.47999954223633,52.48500061035156,52.79999923706055,52.79999923706055,760800
2022-04-27,52.77000045776367,54.7400016784668,51.81999969482422,53.0099983215332,53.0099983215332,1273400
2022-04-28,53.630001068115234,55.04999923706055,51.279998779296875,54.2599983215332,54.2599983215332,677500
2022-04-29,53.91999816894531,56.060001373291016,52.279998779296875,52.459999084472656,52.459999084472656,609500
2022-05-02,52.150001525878906,54.83000183105469,51.0099983215332,54.709999084472656,54.709999084472656,882700
2022-05-03,54.790000915527344,56.439998626708984,52.880001068115234,53.34000015258789,53.34000015258789,740500
2022-05-04,52.939998626708984,53.630001068115234,49.400001525878906,53.150001525878906,53.150001525878906,1634100
2022-05-05,49.91999816894531,50.9900016784668,44.47999954223633,45.45000076293945,45.45000076293945,2478100
2022-05-06,45.77000045776367,45.77000045776367,41.90999984741211,44.09000015258789,44.09000015258789,1715900
2022-05-09,43.0,43.834999084472656,38.900001525878906,39.93000030517578,39.93000030517578,1975800
2022-05-10,40.95000076293945,42.95000076293945,37.459999084472656,41.02000045776367,41.02000045776367,1940500
2022-05-11,41.099998474121094,42.70000076293945,39.689998626708984,40.099998474121094,40.099998474121094,1873600
2022-05-12,39.380001068115234,44.51499938964844,38.7400016784668,43.88999938964844,43.88999938964844,1632600
2022-05-13,45.36000061035156,47.90999984741211,45.27000045776367,46.45000076293945,46.45000076293945,1274500
2022-05-16,45.9900016784668,47.06999969482422,44.40999984741211,44.68000030517578,44.68000030517578,1110200
2022-05-17,46.630001068115234,47.900001525878906,44.400001525878906,46.939998626708984,46.939998626708984,912700
2022-05-18,45.959999084472656,48.59000015258789,45.2599983215332,46.22999954223633,46.22999954223633,1002200
2022-05-19,46.63999938964844,48.255001068115234,45.25,46.880001068115234,46.880001068115234,1218100
2022-05-20,47.52000045776367,48.5,45.099998474121094,47.290000915527344,47.290000915527344,834100
2022-05-23,47.130001068115234,48.310001373291016,44.81999969482422,45.66999816894531,45.66999816894531,649500
2022-05-24,44.66999816894531,45.58000183105469,42.54999923706055,43.09000015258789,43.09000015258789,542200
2022-05-25,43.02000045776367,45.06999969482422,42.84000015258789,44.630001068115234,44.630001068115234,497500
2022-05-26,44.66999816894531,48.52000045776367,44.494998931884766,46.63999938964844,46.63999938964844,1063500
2022-05-27,46.95000076293945,49.63999938964844,46.95000076293945,47.75,47.75,923500
2022-05-31,47.540000915527344,48.08000183105469,45.5099983215332,45.650001525878906,45.650001525878906,811000
2022-06-01,45.869998931884766,46.529998779296875,43.790000915527344,44.56999969482422,44.56999969482422,858700
2022-06-02,44.970001220703125,47.209999084472656,44.724998474121094,47.0099983215332,47.0099983215332,1042800
2022-06-03,46.08000183105469,46.599998474121094,45.04499816894531,45.95000076293945,45.95000076293945,688900
2022-06-06,46.59000015258789,47.90999984741211,45.41999816894531,46.41999816894531,46.41999816894531,564700
2022-06-07,45.650001525878906,47.40999984741211,45.560001373291016,46.88999938964844,46.88999938964844,447400
2022-06-08,46.5,46.60499954223633,45.45000076293945,46.060001373291016,46.060001373291016,476000
2022-06-09,45.310001373291016,46.060001373291016,42.150001525878906,42.38999938964844,42.38999938964844,977600
2022-06-10,41.119998931884766,42.638999938964844,39.150001525878906,39.4900016784668,39.4900016784668,1181200
2022-06-13,37.27000045776367,38.0099983215332,33.599998474121094,34.0099983215332,34.0099983215332,2082100
2022-06-14,34.310001373291016,34.56999969482422,31.719999313354492,32.220001220703125,32.220001220703125,1792700
2022-06-15,32.41999816894531,33.41899871826172,31.270000457763672,33.130001068115234,33.130001068115234,2685900
2022-06-16,32.13999938964844,32.77000045776367,29.940000534057617,30.469999313354492,30.469999313354492,2147400
2022-06-17,30.719999313354492,33.47999954223633,30.239999771118164,32.5,32.5,2728800
2022-06-21,33.310001373291016,34.599998474121094,31.43000030517578,31.510000228881836,31.510000228881836,1781600
2022-06-22,31.139999389648438,34.29999923706055,30.770000457763672,32.599998474121094,32.599998474121094,1365300
2022-06-23,32.93000030517578,35.310001373291016,32.900001525878906,35.16999816894531,35.16999816894531,1249300
2022-06-24,35.869998931884766,38.34000015258789,35.68000030517578,37.540000915527344,37.540000915527344,2229200
2022-06-27,37.5,38.349998474121094,36.599998474121094,37.5,37.5,772400
2022-06-28,37.68000030517578,38.2599983215332,35.310001373291016,35.779998779296875,35.779998779296875,1279400
2022-06-29,35.77000045776367,35.77000045776367,34.029998779296875,35.540000915527344,35.540000915527344,818500
2022-06-30,34.83000183105469,34.9900016784668,32.5,33.060001373291016,33.060001373291016,1519900
2022-07-01,33.279998779296875,35.13999938964844,32.869998931884766,34.93000030517578,34.93000030517578,896000
2022-07-05,34.2599983215332,34.650001525878906,32.619998931884766,33.77000045776367,33.77000045776367,1182800
2022-07-06,33.47999954223633,34.084999084472656,31.489999771118164,32.40999984741211,32.40999984741211,1649600
2022-07-07,32.5099983215332,33.77000045776367,32.5099983215332,32.7599983215332,32.7599983215332,1024800
2022-07-08,32.13999938964844,33.130001068115234,31.459999084472656,32.189998626708984,32.189998626708984,865100
2022-07-11,31.489999771118164,31.920000076293945,30.395000457763672,31.59000015258789,31.59000015258789,906200
2022-07-12,31.709999084472656,33.16999816894531,30.950000762939453,30.950000762939453,30.950000762939453,1210200
2022-07-13,29.93000030517578,31.43000030517578,29.389999389648438,31.31999969482422,31.31999969482422,974000
2022-07-14,30.56999969482422,31.6299991607666,30.06999969482422,31.239999771118164,31.239999771118164,1136900
2022-07-15,31.65999984741211,33.220001220703125,31.375,32.75,32.75,816700
2022-07-18,33.79999923706055,34.380001068115234,33.15999984741211,33.529998779296875,33.529998779296875,1746500
2022-07-19,34.65999984741211,36.25,33.83000183105469,35.79999923706055,35.79999923706055,942600
2022-07-20,35.630001068115234,36.599998474121094,34.970001220703125,36.5099983215332,36.5099983215332,1012700
2022-07-21,36.709999084472656,37.400001525878906,35.25,35.63999938964844,35.63999938964844,772100
2022-07-22,35.790000915527344,36.130001068115234,34.15999984741211,34.54999923706055,34.54999923706055,465800
2022-07-25,34.70000076293945,34.81999969482422,33.66999816894531,34.2400016784668,34.2400016784668,701900
2022-07-26,33.5,34.16999816894531,32.79999923706055,33.0,33.0,482900
2022-07-27,33.81999969482422,34.869998931884766,33.400001525878906,34.54999923706055,34.54999923706055,549400
2022-07-28,34.75,35.474998474121094,33.72999954223633,34.900001525878906,34.900001525878906,580200
2022-07-29,35.20000076293945,36.4900016784668,34.060001373291016,36.43000030517578,36.43000030517578,958500
2022-08-01,35.849998474121094,38.560001373291016,35.290000915527344,37.720001220703125,37.720001220703125,1053300
2022-08-02,37.0099983215332,39.435001373291016,36.779998779296875,38.540000915527344,38.540000915527344,865400
2022-08-03,39.099998474121094,40.939998626708984,39.040000915527344,40.5,40.5,1742900
2022-08-04,42.630001068115234,46.643001556396484,41.4900016784668,43.150001525878906,43.150001525878906,3287300
2022-08-05,42.040000915527344,46.189998626708984,41.380001068115234,44.849998474121094,44.849998474121094,1276700
2022-08-08,45.40999984741211,47.709999084472656,45.400001525878906,47.189998626708984,47.189998626708984,1028900
2022-08-09,46.2400016784668,47.189998626708984,45.220001220703125,45.619998931884766,45.619998931884766,885800
2022-08-10,47.560001373291016,48.97999954223633,47.25,48.220001220703125,48.220001220703125,1011300
2022-08-11,49.0,49.4900016784668,47.34000015258789,48.040000915527344,48.040000915527344,900600
2022-08-12,49.2400016784668,49.900001525878906,48.4900016784668,49.380001068115234,49.380001068115234,645500
2022-08-15,48.619998931884766,50.91999816894531,48.529998779296875,50.36000061035156,50.36000061035156,781900
2022-08-16,49.529998779296875,51.41999816894531,48.20000076293945,51.38999938964844,51.38999938964844,1241500
2022-08-17,49.470001220703125,50.5,47.790000915527344,48.2599983215332,48.2599983215332,1272900
2022-08-18,48.459999084472656,48.56999969482422,46.810001373291016,47.869998931884766,47.869998931884766,834100
2022-08-19,47.060001373291016,47.060001373291016,44.90999984741211,45.439998626708984,45.439998626708984,522300
2022-08-22,44.04999923706055,44.869998931884766,43.5099983215332,44.2400016784668,44.2400016784668,661700
2022-08-23,44.31999969482422,46.459999084472656,44.209999084472656,45.41999816894531,45.41999816894531,396600
2022-08-24,45.189998626708984,47.119998931884766,45.18000030517578,46.790000915527344,46.790000915527344,412800
2022-08-25,47.2599983215332,48.63999938964844,47.08000183105469,48.56999969482422,48.56999969482422,400100
2022-08-26,48.34000015258789,48.6150016784668,45.459999084472656,45.90999984741211,45.90999984741211,831900
2022-08-29,45.02000045776367,47.130001068115234,44.91999816894531,46.04999923706055,46.04999923706055,447500
2022-08-30,47.040000915527344,47.74300003051758,45.91999816894531,45.939998626708984,45.939998626708984,678400
2022-08-31,46.86000061035156,47.40999984741211,44.84000015258789,45.290000915527344,45.290000915527344,556600
2022-09-01,44.54999923706055,44.9900016784668,41.689998626708984,43.380001068115234,43.380001068115234,838400
2022-09-02,44.20000076293945,44.33000183105469,42.45000076293945,42.77000045776367,42.77000045776367,543000
2022-09-06,42.900001525878906,44.79999923706055,42.349998474121094,43.59000015258789,43.59000015258789,691900
2022-09-07,43.31999969482422,45.689998626708984,43.0,45.22999954223633,45.22999954223633,512600
2022-09-08,44.220001220703125,45.84000015258789,43.8849983215332,44.93000030517578,44.93000030517578,817100
2022-09-09,45.900001525878906,47.7400016784668,45.58000183105469,47.5,47.5,658100
2022-09-12,47.779998779296875,48.9900016784668,46.529998779296875,48.779998779296875,48.779998779296875,540300
2022-09-13,46.810001373291016,48.31999969482422,45.79999923706055,46.95000076293945,46.95000076293945,1059500
2022-09-14,47.70000076293945,49.560001373291016,46.81999969482422,48.75,48.75,1027500
2022-09-15,48.18000030517578,50.97999954223633,48.09000015258789,48.470001220703125,48.470001220703125,689700
2022-09-16,47.59000015258789,47.86000061035156,46.099998474121094,47.43000030517578,47.43000030517578,993000
2022-09-19,46.650001525878906,48.290000915527344,46.439998626708984,48.150001525878906,48.150001525878906,766600
2022-09-20,47.41999816894531,48.52000045776367,47.41999816894531,47.7400016784668,47.7400016784668,714700
2022-09-21,48.0099983215332,49.63999938964844,46.540000915527344,46.560001373291016,46.560001373291016,1018800
2022-09-22,46.18000030517578,46.9900016784668,44.56999969482422,45.25,45.25,720200
2022-09-23,44.15999984741211,45.59000015258789,43.268001556396484,43.97999954223633,43.97999954223633,869300
2022-09-26,43.7400016784668,44.9900016784668,41.970001220703125,42.09000015258789,42.09000015258789,639600
2022-09-27,43.38999938964844,44.790000915527344,42.84000015258789,44.119998931884766,44.119998931884766,711800
2022-09-28,44.15999984741211,45.9900016784668,43.95000076293945,45.810001373291016,45.810001373291016,588400
2022-09-29,44.54999923706055,45.13999938964844,43.18000030517578,44.61000061035156,44.61000061035156,704400
2022-09-30,44.15999984741211,45.915000915527344,43.939998626708984,44.61000061035156,44.61000061035156,829100
2022-10-03,45.27000045776367,45.27000045776367,42.689998626708984,43.9900016784668,43.9900016784668,730000
2022-10-04,45.5099983215332,47.5,45.43000030517578,47.4900016784668,47.4900016784668,911300
2022-10-05,46.70000076293945,48.04999923706055,45.91999816894531,47.560001373291016,47.560001373291016,652000
2022-10-06,47.16999816894531,49.08000183105469,47.16999816894531,48.38999938964844,48.38999938964844,917100
2022-10-07,47.16999816894531,47.66999816894531,45.61000061035156,46.220001220703125,46.220001220703125,768700
2022-10-10,46.2400016784668,46.56999969482422,44.209999084472656,46.31999969482422,46.31999969482422,796800
2022-10-11,46.2599983215332,46.790000915527344,43.150001525878906,45.7599983215332,45.7599983215332,862900
2022-10-12,46.040000915527344,46.31999969482422,44.38999938964844,45.91999816894531,45.91999816894531,515200
2022-10-13,43.91999816894531,45.709999084472656,43.220001220703125,45.349998474121094,45.349998474121094,742400
2022-10-14,46.0,46.224998474121094,42.25,42.529998779296875,42.529998779296875,669300
2022-10-17,43.86000061035156,46.0099983215332,43.86000061035156,45.5,45.5,795400
2022-10-18,46.91999816894531,48.400001525878906,46.36000061035156,47.880001068115234,47.880001068115234,1033600
2022-10-19,47.290000915527344,47.970001220703125,46.220001220703125,47.15999984741211,47.15999984741211,467000
2022-10-20,47.15999984741211,48.65999984741211,44.77000045776367,44.95000076293945,44.95000076293945,940200
2022-10-21,45.13999938964844,45.369998931884766,42.66999816894531,45.369998931884766,45.369998931884766,820700
2022-10-24,45.709999084472656,45.9900016784668,42.91999816894531,44.15999984741211,44.15999984741211,1567200
2022-10-25,44.540000915527344,46.369998931884766,43.95000076293945,44.349998474121094,44.349998474121094,1467100
2022-10-26,44.0,45.0,42.244998931884766,43.02000045776367,43.02000045776367,1497600
2022-10-27,43.880001068115234,44.599998474121094,41.83000183105469,43.810001373291016,43.810001373291016,1198700
2022-10-28,43.66999816894531,44.720001220703125,42.07500076293945,44.70000076293945,44.70000076293945,745300
2022-10-31,44.459999084472656,47.643001556396484,43.95000076293945,45.970001220703125,45.970001220703125,1204100
2022-11-01,46.79999923706055,47.518001556396484,45.720001220703125,46.18000030517578,46.18000030517578,502900
2022-11-02,45.66999816894531,45.97999954223633,42.27000045776367,42.279998779296875,42.279998779296875,710400
2022-11-03,41.79999923706055,42.0,40.209999084472656,40.880001068115234,40.880001068115234,761000
2022-11-04,41.619998931884766,41.9900016784668,39.2599983215332,40.13999938964844,40.13999938964844,1266700
2022-11-07,44.099998474121094,44.70000076293945,36.33000183105469,37.27000045776367,37.27000045776367,2994800
2022-11-08,37.47999954223633,40.900001525878906,36.7599983215332,39.959999084472656,39.959999084472656,2142200
2022-11-09,39.810001373291016,42.369998931884766,39.25,41.84000015258789,41.84000015258789,1693900
2022-11-10,43.72999954223633,45.27000045776367,43.13999938964844,45.08000183105469,45.08000183105469,1258900
2022-11-11,46.90999984741211,49.13999938964844,45.5099983215332,47.29999923706055,47.29999923706055,2285300
2022-11-14,46.66999816894531,49.8380012512207,45.70000076293945,47.93000030517578,47.93000030517578,1625900
2022-11-15,50.119998931884766,54.2599983215332,49.34299850463867,52.470001220703125,52.470001220703125,2803800
2022-11-16,51.650001525878906,52.2400016784668,48.4900016784668,48.52000045776367,48.52000045776367,1232400
2022-11-17,47.349998474121094,48.880001068115234,46.5099983215332,47.38999938964844,47.38999938964844,1308200
2022-11-18,48.2400016784668,49.290000915527344,46.08000183105469,48.56999969482422,48.56999969482422,1123300
2022-11-21,47.93000030517578,48.277000427246094,45.369998931884766,45.869998931884766,45.869998931884766,688400
2022-11-22,45.709999084472656,45.709999084472656,41.25,44.83000183105469,44.83000183105469,1378300
2022-11-23,44.290000915527344,46.47999954223633,44.01900100708008,45.099998474121094,45.099998474121094,692500
2022-11-25,44.66999816894531,45.13999938964844,43.790000915527344,44.209999084472656,44.209999084472656,333700
2022-11-28,43.70000076293945,44.439998626708984,42.790000915527344,43.130001068115234,43.130001068115234,567200
2022-11-29,43.41999816894531,44.630001068115234,42.994998931884766,43.4900016784668,43.4900016784668,648500
2022-11-30,43.31999969482422,46.58000183105469,42.790000915527344,46.34000015258789,46.34000015258789,1336100
2022-12-01,46.470001220703125,49.98500061035156,46.209999084472656,49.880001068115234,49.880001068115234,1650800
2022-12-02,48.79999923706055,50.61000061035156,47.7599983215332,50.099998474121094,50.099998474121094,1099500
2022-12-05,50.380001068115234,50.84000015258789,47.63999938964844,47.7400016784668,47.7400016784668,1026900
2022-12-06,48.060001373291016,48.060001373291016,43.93000030517578,44.72999954223633,44.72999954223633,967200
2022-12-07,44.31999969482422,45.88999938964844,43.27000045776367,45.52000045776367,45.52000045776367,1045800
2022-12-08,45.900001525878906,48.0,45.279998779296875,47.72999954223633,47.72999954223633,902500
2022-12-09,47.349998474121094,50.25,47.09000015258789,49.52000045776367,49.52000045776367,1353100
2022-12-12,49.290000915527344,52.63999938964844,48.970001220703125,52.54999923706055,52.54999923706055,1250800
2022-12-13,54.02000045776367,55.290000915527344,50.689998626708984,53.029998779296875,53.029998779296875,1678500
2022-12-14,52.70000076293945,53.689998626708984,50.70600128173828,52.939998626708984,52.939998626708984,1096500
2022-12-15,51.7599983215332,52.45000076293945,50.5,52.2400016784668,52.2400016784668,788000
2022-12-16,52.08000183105469,53.25,51.18000030517578,51.93000030517578,51.93000030517578,983600
2022-12-19,51.970001220703125,52.459999084472656,50.060001373291016,51.83000183105469,51.83000183105469,634000
2022-12-20,51.25,53.349998474121094,51.040000915527344,53.150001525878906,53.150001525878906,746700
2022-12-21,53.18000030517578,53.93000030517578,52.369998931884766,53.34000015258789,53.34000015258789,540800
2022-12-22,52.90999984741211,53.70000076293945,51.404998779296875,53.0,53.0,1148400
2022-12-23,53.0,54.08000183105469,52.18000030517578,54.060001373291016,54.060001373291016,537400
2022-12-27,53.75,54.72999954223633,53.09000015258789,53.7400016784668,53.7400016784668,606100
2022-12-28,53.33000183105469,54.70000076293945,52.36000061035156,53.45000076293945,53.45000076293945,710700
2022-12-29,54.099998474121094,56.939998626708984,53.68000030517578,56.459999084472656,56.459999084472656,1244100
2022-12-30,55.59000015258789,57.369998931884766,54.40999984741211,55.93000030517578,55.93000030517578,996200
2023-01-03,57.0,57.36000061035156,51.709999084472656,52.380001068115234,52.380001068115234,1151800
2023-01-04,53.290000915527344,54.880001068115234,52.790000915527344,54.7599983215332,54.7599983215332,817900
2023-01-05,54.380001068115234,56.040000915527344,53.25,53.59000015258789,53.59000015258789,993200
2023-01-06,53.880001068115234,56.369998931884766,52.45000076293945,55.04999923706055,55.04999923706055,819000
2023-01-09,57.70000076293945,58.650001525878906,56.119998931884766,57.5,57.5,1267200
2023-01-10,56.65999984741211,60.150001525878906,56.41999816894531,60.099998474121094,60.099998474121094,1164900
2023-01-11,60.06999969482422,61.369998931884766,59.23500061035156,59.939998626708984,59.939998626708984,1144200
2023-01-12,60.0,60.66999816894531,58.34000015258789,60.560001373291016,60.560001373291016,1141100
2023-01-13,60.25,63.09000015258789,59.79999923706055,62.56999969482422,62.56999969482422,1210000
2023-01-17,61.68000030517578,64.72000122070312,61.27000045776367,64.58999633789062,64.58999633789062,1198500
2023-01-18,65.0,65.79000091552734,61.130001068115234,61.27000045776367,61.27000045776367,1947300
2023-01-19,60.20000076293945,61.47999954223633,59.130001068115234,60.22999954223633,60.22999954223633,907400
2023-01-20,61.65999984741211,63.599998474121094,61.5,63.459999084472656,63.459999084472656,935800
2023-01-23,63.25,64.2699966430664,62.25,63.86000061035156,63.86000061035156,829600
2023-01-24,63.119998931884766,65.30999755859375,61.56999969482422,61.61000061035156,61.61000061035156,3056800
2023-01-25,60.18000030517578,61.470001220703125,58.220001220703125,61.29999923706055,61.29999923706055,1090300
2023-01-26,62.689998626708984,63.540000915527344,59.736000061035156,63.08000183105469,63.08000183105469,1000500
2023-01-27,63.150001525878906,64.49500274658203,62.415000915527344,63.689998626708984,63.689998626708984,1847600
2023-01-30,62.38999938964844,63.018001556396484,61.5,61.689998626708984,61.689998626708984,446600
2023-01-31,61.86000061035156,64.16000366210938,61.71500015258789,64.04000091552734,64.04000091552734,656300
2023-02-01,64.4800033569336,65.87999725341797,63.84700012207031,65.41999816894531,65.41999816894531,1456200
2023-02-02,67.04000091552734,69.36000061035156,64.70999908447266,66.33999633789062,66.33999633789062,1419100
2023-02-03,64.2699966430664,67.61799621582031,62.7400016784668,66.1500015258789,66.1500015258789,764100
2023-02-06,64.8499984741211,66.5,64.36000061035156,65.77999877929688,65.77999877929688,608600
2023-02-07,65.69000244140625,67.38999938964844,64.61000061035156,66.9000015258789,66.9000015258789,774000
2023-02-08,66.5,67.41999816894531,64.73999786376953,65.05999755859375,65.05999755859375,557900
2023-02-09,65.98999786376953,66.9000015258789,63.83000183105469,64.19999694824219,64.19999694824219,844700
2023-02-10,63.5,64.9000015258789,62.97999954223633,63.38999938964844,63.38999938964844,543100
2023-02-13,63.83000183105469,66.30999755859375,62.154998779296875,65.80999755859375,65.80999755859375,922700
2023-02-14,64.68000030517578,67.29000091552734,64.0,66.55999755859375,66.55999755859375,741900
2023-02-15,66.19000244140625,67.83000183105469,65.56999969482422,66.95999908447266,66.95999908447266,760700
2023-02-16,65.26000213623047,66.0,59.494998931884766,60.279998779296875,60.279998779296875,2576500
2023-02-17,59.650001525878906,60.1619987487793,56.41999816894531,57.84000015258789,57.84000015258789,2399100
2023-02-21,56.310001373291016,57.97999954223633,55.93000030517578,57.560001373291016,57.560001373291016,1524800
2023-02-22,57.9900016784668,58.66999816894531,56.904998779296875,57.59000015258789,57.59000015258789,954500
2023-02-23,57.349998474121094,59.095001220703125,56.650001525878906,58.650001525878906,58.650001525878906,1330900
2023-02-24,57.400001525878906,58.38999938964844,56.93000030517578,57.83000183105469,57.83000183105469,1204500
2023-02-27,57.84000015258789,58.0,56.04999923706055,57.060001373291016,57.060001373291016,2177800
2023-02-28,61.650001525878906,67.05000305175781,61.36000061035156,64.5,64.5,4936600
2023-03-01,64.86000061035156,70.27999877929688,64.86000061035156,69.43000030517578,69.43000030517578,2649500
2023-03-02,69.37999725341797,70.01000213623047,68.11000061035156,69.51000213623047,69.51000213623047,1472900
2023-03-03,70.0,72.62000274658203,68.83000183105469,72.2699966430664,72.2699966430664,1688800
2023-03-06,72.11000061035156,73.61699676513672,70.88999938964844,71.0,71.0,1533500
2023-03-07,70.80000305175781,71.9000015258789,67.30999755859375,68.2699966430664,68.2699966430664,1844900
2023-03-08,68.75,71.9800033569336,68.01000213623047,71.08000183105469,71.08000183105469,1548100
2023-03-09,70.73999786376953,73.25,68.2249984741211,68.44999694824219,68.44999694824219,1562200
2023-03-10,68.0999984741211,68.70999908447266,64.55999755859375,68.30999755859375,68.30999755859375,1690200
2023-03-13,67.02999877929688,67.87999725341797,65.69000244140625,66.69999694824219,66.69999694824219,1397200
2023-03-14,68.20999908447266,69.8499984741211,67.33999633789062,68.08000183105469,68.08000183105469,1028700
2023-03-15,66.87999725341797,69.05899810791016,65.62999725341797,68.22000122070312,68.22000122070312,1208000
2023-03-16,69.12000274658203,70.7699966430664,67.55000305175781,69.12000274658203,69.12000274658203,1205300
2023-03-17,68.16999816894531,69.62000274658203,66.63999938964844,67.13999938964844,67.13999938964844,1025400
2023-03-20,66.95999908447266,68.37000274658203,66.44999694824219,66.94000244140625,66.94000244140625,802100
2023-03-21,68.44999694824219,70.4800033569336,67.16000366210938,69.44999694824219,69.44999694824219,1313300
2023-03-22,69.58000183105469,70.88999938964844,67.91000366210938,68.5999984741211,68.5999984741211,1385300
2023-03-23,68.72000122070312,70.83999633789062,67.5,68.62999725341797,68.62999725341797,960900
2023-03-24,67.91999816894531,68.70999908447266,65.36000061035156,66.97000122070312,66.97000122070312,1183500
2023-03-27,68.19999694824219,69.36000061035156,66.91000366210938,67.13999938964844,67.13999938964844,733100
2023-03-28,67.30999755859375,69.26000213623047,66.43000030517578,69.0,69.0,1081600
2023-03-29,70.0199966430664,71.88999938964844,69.23999786376953,71.05000305175781,71.05000305175781,1858000
2023-03-30,71.87000274658203,74.29000091552734,71.75,72.91000366210938,72.91000366210938,1765100
2023-03-31,73.22000122070312,76.4000015258789,73.22000122070312,75.80000305175781,75.80000305175781,1765300
2023-04-03,75.0,75.79000091552734,73.04000091552734,74.9000015258789,74.9000015258789,1263200
2023-04-04,75.55999755859375,75.55999755859375,71.91000366210938,73.01000213623047,73.01000213623047,1254700
2023-04-05,72.19999694824219,72.50499725341797,68.88999938964844,71.4000015258789,71.4000015258789,1741100
2023-04-06,70.87999725341797,71.44999694824219,69.88099670410156,70.91999816894531,70.91999816894531,618900
2023-04-10,70.08000183105469,72.7300033569336,69.51000213623047,72.16000366210938,72.16000366210938,928900
2023-04-11,74.0,75.0,73.0,73.81999969482422,73.81999969482422,1044300
2023-04-12,75.62000274658203,75.9000015258789,70.95999908447266,71.22000122070312,71.22000122070312,2621400
2023-04-13,72.19999694824219,73.37999725341797,70.08999633789062,73.02999877929688,73.02999877929688,1888700
2023-04-14,72.58000183105469,72.89099884033203,68.05500030517578,70.2300033569336,70.2300033569336,1909400
2023-04-17,69.91000366210938,71.2300033569336,68.08000183105469,69.1500015258789,69.1500015258789,1958200
2023-04-18,70.0,70.0,67.37999725341797,68.54000091552734,68.54000091552734,1863300
2023-04-19,67.9000015258789,67.98999786376953,57.87799835205078,62.59000015258789,62.59000015258789,11105800
2023-04-20,63.349998474121094,67.19999694824219,63.2400016784668,65.76000213623047,65.76000213623047,4084800
2023-04-21,65.4800033569336,66.12999725341797,64.7300033569336,65.52999877929688,65.52999877929688,1366500
2023-04-24,65.5,66.5999984741211,64.41999816894531,65.6500015258789,65.6500015258789,1054900
2023-04-25,65.08999633789062,65.1449966430664,62.720001220703125,63.4900016784668,63.4900016784668,1558700
2023-04-26,64.02999877929688,65.0,62.38999938964844,62.65999984741211,62.65999984741211,1067100
2023-04-27,63.4900016784668,66.22000122070312,62.65999984741211,66.0,66.0,1047500
2023-04-28,65.29000091552734,68.12000274658203,64.25299835205078,67.7699966430664,67.7699966430664,1072900
2023-05-01,67.5999984741211,69.37999725341797,67.3219985961914,68.4000015258789,68.4000015258789,1315500
2023-05-02,68.01000213623047,68.6500015258789,65.44000244140625,65.91000366210938,65.91000366210938,1105100
2023-05-03,65.0999984741211,67.5,64.52999877929688,65.83000183105469,65.83000183105469,1398400
2023-05-04,67.05999755859375,67.16799926757812,58.47999954223633,58.810001373291016,58.810001373291016,4254800
2023-05-05,60.099998474121094,62.54999923706055,60.0099983215332,62.189998626708984,62.189998626708984,1212200
2023-05-08,62.90999984741211,62.90999984741211,61.27000045776367,61.66999816894531,61.66999816894531,949100
2023-05-09,60.95000076293945,61.849998474121094,60.119998931884766,60.380001068115234,60.380001068115234,1324500
2023-05-10,61.400001525878906,61.540000915527344,59.59000015258789,60.529998779296875,60.529998779296875,1595700
2023-05-11,59.86000061035156,62.22999954223633,58.75,61.869998931884766,61.869998931884766,1337100
2023-05-12,62.040000915527344,62.41999816894531,61.02000045776367,61.54999923706055,61.54999923706055,1049700
2023-05-15,61.4900016784668,64.5,61.43000030517578,64.36000061035156,64.36000061035156,849000
2023-05-16,64.18000030517578,64.55999755859375,62.29999923706055,63.619998931884766,63.619998931884766,682300
2023-05-17,64.25,65.5,63.619998931884766,64.81999969482422,64.81999969482422,997500
2023-05-18,65.19999694824219,66.30000305175781,64.1500015258789,65.45999908447266,65.45999908447266,1273200
2023-05-19,65.52999877929688,65.91000366210938,64.51000213623047,65.2300033569336,65.2300033569336,523100
2023-05-22,65.06999969482422,68.30000305175781,64.97000122070312,67.52999877929688,67.52999877929688,922600
2023-05-23,66.73999786376953,68.82499694824219,66.22100067138672,66.91999816894531,66.91999816894531,1019600
2023-05-24,65.47000122070312,66.2300033569336,63.10100173950195,64.9800033569336,64.9800033569336,1027100
2023-05-25,65.72000122070312,65.72000122070312,63.470001220703125,63.86000061035156,63.86000061035156,533200
2023-05-26,64.08000183105469,65.79000091552734,63.5,64.69999694824219,64.69999694824219,463900
2023-05-30,65.47000122070312,66.1500015258789,62.88999938964844,63.459999084472656,63.459999084472656,970200
2023-05-31,63.0,63.95000076293945,61.81999969482422,62.720001220703125,62.720001220703125,1539600
2023-06-01,62.720001220703125,64.7750015258789,62.025001525878906,64.0199966430664,64.0199966430664,953700
2023-06-02,64.7699966430664,66.4800033569336,63.5,65.69999694824219,65.69999694824219,688500
2023-06-05,65.4800033569336,66.0999984741211,63.5,66.01000213623047,66.01000213623047,614500
2023-06-06,65.30000305175781,67.4800033569336,65.19499969482422,67.11000061035156,67.11000061035156,544200
2023-06-07,67.47000122070312,69.13999938964844,66.5,67.45999908447266,67.45999908447266,800500
2023-06-08,67.16000366210938,67.44999694824219,65.5,66.73999786376953,66.73999786376953,596500
2023-06-09,67.0,67.2300033569336,63.95000076293945,64.30000305175781,64.30000305175781,956100
2023-06-12,64.27999877929688,65.2699966430664,62.0099983215332,62.29999923706055,62.29999923706055,1768200
2023-06-13,62.5,64.97000122070312,62.5,64.55000305175781,64.55000305175781,1400100
2023-06-14,66.0,66.9000015258789,64.5199966430664,65.05000305175781,65.05000305175781,1237000
2023-06-15,64.2300033569336,64.37999725341797,62.34000015258789,63.790000915527344,63.790000915527344,1049500
2023-06-16,64.68000030517578,64.9000015258789,63.0099983215332,63.5,63.5,1192600
2023-06-20,62.900001525878906,64.02999877929688,62.02000045776367,63.16999816894531,63.16999816894531,606000
2023-06-21,62.880001068115234,64.0,61.474998474121094,63.45000076293945,63.45000076293945,881200
2023-06-22,63.0,65.20999908447266,62.65999984741211,62.86000061035156,62.86000061035156,1150000
2023-06-23,61.900001525878906,62.58000183105469,60.150001525878906,61.7400016784668,61.7400016784668,1700600
2023-06-26,61.40999984741211,63.150001525878906,59.869998931884766,60.029998779296875,60.029998779296875,975200
2023-06-27,60.150001525878906,61.959999084472656,59.560001373291016,61.65999984741211,61.65999984741211,796500
2023-06-28,61.58000183105469,64.41000366210938,61.58000183105469,64.16999816894531,64.16999816894531,942600
2023-06-29,64.22000122070312,66.33499908447266,63.7400016784668,66.20999908447266,66.20999908447266,1203700
2023-06-30,67.12999725341797,68.97000122070312,66.84500122070312,67.91000366210938,67.91000366210938,911900
2023-07-03,67.81999969482422,68.37999725341797,66.43000030517578,67.68000030517578,67.68000030517578,442500
2023-07-05,67.44000244140625,67.66999816894531,66.1500015258789,66.9800033569336,66.9800033569336,981800
2023-07-06,66.0999984741211,66.0999984741211,63.36000061035156,64.83999633789062,64.83999633789062,954600
2023-07-07,64.66999816894531,67.0,64.66999816894531,66.16000366210938,66.16000366210938,560400
2023-07-10,65.91999816894531,68.2699966430664,65.62699890136719,68.19000244140625,68.19000244140625,631800
2023-07-11,68.23999786376953,68.88999938964844,66.66999816894531,67.33000183105469,67.33000183105469,845100
2023-07-12,69.0,70.51000213623047,68.2699966430664,68.30000305175781,68.30000305175781,1353800
2023-07-13,68.88999938964844,71.02799987792969,68.8499984741211,69.3499984741211,69.3499984741211,1505700
2023-07-14,69.4000015258789,70.22000122070312,66.0999984741211,67.12999725341797,67.12999725341797,877000
2023-07-17,66.97000122070312,69.8499984741211,66.72000122070312,68.62999725341797,68.62999725341797,1078500
2023-07-18,68.2699966430664,69.58000183105469,67.69000244140625,68.87000274658203,68.87000274658203,761100
2023-07-19,69.02999877929688,71.80000305175781,68.44599914550781,68.87000274658203,68.87000274658203,1584000
2023-07-20,68.05999755859375,69.11000061035156,66.76000213623047,68.18000030517578,68.18000030517578,757500
2023-07-21,68.0,68.58000183105469,65.80000305175781,67.48999786376953,67.48999786376953,945400
2023-07-24,67.80000305175781,68.40599822998047,66.29000091552734,66.69000244140625,66.69000244140625,575400
2023-07-25,67.55999755859375,68.66000366210938,67.02999877929688,67.27999877929688,67.27999877929688,882900
2023-07-26,66.81999969482422,67.7300033569336,66.47000122070312,67.33999633789062,67.33999633789062,458400
2023-07-27,68.02999877929688,68.33499908447266,64.7750015258789,65.5199966430664,65.5199966430664,768200
2023-07-28,66.7699966430664,67.36399841308594,66.01000213623047,66.62000274658203,66.62000274658203,1719300
2023-07-31,67.0,69.08999633789062,66.70500183105469,68.98999786376953,68.98999786376953,1168400
2023-08-01,68.29000091552734,69.55999755859375,67.58000183105469,68.56999969482422,68.56999969482422,1173500
2023-08-02,67.31999969482422,67.80999755859375,63.59000015258789,63.7599983215332,63.7599983215332,1782300
2023-08-03,65.3499984741211,66.62999725341797,62.310001373291016,65.30000305175781,65.30000305175781,1907900
2023-08-04,66.45999908447266,66.95999908447266,64.31999969482422,64.44000244140625,64.44000244140625,1200900
2023-08-07,65.0,66.125,63.25,65.62000274658203,65.62000274658203,1158300
2023-08-08,64.48999786376953,65.83999633789062,64.19000244140625,64.81999969482422,64.81999969482422,768900
2023-08-09,64.94999694824219,65.33999633789062,62.59000015258789,63.369998931884766,63.369998931884766,725600
2023-08-10,63.7599983215332,64.1500015258789,61.7599983215332,62.31999969482422,62.31999969482422,703400
2023-08-11,61.900001525878906,62.189998626708984,60.58000183105469,60.810001373291016,60.810001373291016,800700
2023-08-14,60.5099983215332,60.540000915527344,59.38999938964844,60.310001373291016,60.310001373291016,881700
2023-08-15,59.04999923706055,59.709999084472656,57.5,57.93000030517578,57.93000030517578,1399200
2023-08-16,57.560001373291016,58.68000030517578,57.17100143432617,57.34000015258789,57.34000015258789,1159700
2023-08-17,57.099998474121094,57.290000915527344,53.68000030517578,53.9900016784668,53.9900016784668,2741700
2023-08-18,52.88999938964844,56.08000183105469,52.560001373291016,54.630001068115234,54.630001068115234,1589100
2023-08-21,54.619998931884766,54.79999923706055,53.439998626708984,54.220001220703125,54.220001220703125,1004900
2023-08-22,56.20000076293945,57.79999923706055,54.41999816894531,54.880001068115234,54.880001068115234,1405000
2023-08-23,54.86000061035156,56.665000915527344,54.34000015258789,55.47999954223633,55.47999954223633,1265600
2023-08-24,55.52000045776367,55.880001068115234,54.15999984741211,54.720001220703125,54.720001220703125,869800
2023-08-25,55.720001220703125,56.72999954223633,55.119998931884766,55.7599983215332,55.7599983215332,820700
2023-08-28,56.290000915527344,56.42499923706055,55.040000915527344,55.939998626708984,55.939998626708984,1116300
2023-08-29,55.65999984741211,57.88999938964844,55.5,57.599998474121094,57.599998474121094,1220100
2023-08-30,57.029998779296875,57.81999969482422,56.599998474121094,56.880001068115234,56.880001068115234,620200
2023-08-31,57.119998931884766,58.23500061035156,56.599998474121094,56.790000915527344,56.790000915527344,787700
2023-09-01,57.369998931884766,57.849998474121094,56.56999969482422,57.790000915527344,57.790000915527344,631500
2023-09-05,57.18000030517578,57.849998474121094,56.75,56.93000030517578,56.93000030517578,483500
2023-09-06,56.77000045776367,57.29999923706055,55.875,56.72999954223633,56.72999954223633,732900
2023-09-07,55.72999954223633,57.15999984741211,55.20000076293945,56.779998779296875,56.779998779296875,825900
2023-09-08,56.59000015258789,56.86000061035156,55.599998474121094,56.310001373291016,56.310001373291016,626800
2023-09-11,56.880001068115234,57.150001525878906,56.310001373291016,56.54999923706055,56.54999923706055,1101800
2023-09-12,56.36000061035156,57.349998474121094,55.310001373291016,55.4900016784668,55.4900016784668,1171100
2023-09-13,55.220001220703125,55.224998474121094,51.40999984741211,53.45000076293945,53.45000076293945,3454700
2023-09-14,54.040000915527344,59.95000076293945,53.61000061035156,59.310001373291016,59.310001373291016,5222300
2023-09-15,58.95000076293945,59.72999954223633,58.340999603271484,58.720001220703125,58.720001220703125,1475300
2023-09-18,58.15999984741211,58.939998626708984,57.38999938964844,58.400001525878906,58.400001525878906,1218300
2023-09-19,58.599998474121094,58.948001861572266,57.2400016784668,58.02000045776367,58.02000045776367,1176500
2023-09-20,58.349998474121094,59.68000030517578,56.90999984741211,57.029998779296875,57.029998779296875,1110200
2023-09-21,56.189998626708984,56.2599983215332,54.349998474121094,55.08000183105469,55.08000183105469,1370000
2023-09-22,55.720001220703125,55.720001220703125,54.09000015258789,54.40999984741211,54.40999984741211,809500
2023-09-25,54.16999816894531,55.18000030517578,53.75,55.08000183105469,55.08000183105469,637400
2023-09-26,54.400001525878906,55.130001068115234,54.029998779296875,54.599998474121094,54.599998474121094,699800
2023-09-27,55.18000030517578,55.47999954223633,53.880001068115234,54.439998626708984,54.439998626708984,881600
2023-09-28,54.27000045776367,55.11000061035156,52.93000030517578,54.880001068115234,54.880001068115234,855300
2023-09-29,56.06999969482422,56.724998474121094,55.15999984741211,55.369998931884766,55.369998931884766,1011600
2023-10-02,54.79999923706055,55.439998626708984,53.869998931884766,54.5099983215332,54.5099983215332,1036600
2023-10-03,54.189998626708984,54.27000045776367,52.2599983215332,52.93000030517578,52.93000030517578,1585500
2023-10-04,53.15999984741211,53.31999969482422,52.04499816894531,53.16999816894531,53.16999816894531,1258900
2023-10-05,52.83000183105469,53.75,52.67499923706055,53.33000183105469,53.33000183105469,877700
2023-10-06,53.560001373291016,55.2599983215332,53.220001220703125,55.0,55.0,962300
2023-10-09,54.15999984741211,54.23500061035156,52.58000183105469,52.900001525878906,52.900001525878906,856900
2023-10-10,53.0,54.540000915527344,53.0,53.380001068115234,53.380001068115234,978100
2023-10-11,53.720001220703125,54.09000015258789,51.59000015258789,52.2400016784668,52.2400016784668,1390000
2023-10-12,52.38999938964844,52.38999938964844,49.86000061035156,51.04999923706055,51.04999923706055,1529900
2023-10-13,50.279998779296875,51.20500183105469,49.7599983215332,50.66999816894531,50.66999816894531,1002800
2023-10-16,51.119998931884766,53.060001373291016,50.29999923706055,52.02000045776367,52.02000045776367,1261100
2023-10-17,51.630001068115234,54.29499816894531,51.43000030517578,53.209999084472656,53.209999084472656,1099500
2023-10-18,52.400001525878906,52.67499923706055,51.0099983215332,51.720001220703125,51.720001220703125,864700
2023-10-19,51.75,52.31999969482422,51.310001373291016,52.310001373291016,52.310001373291016,821100
2023-10-20,54.0,54.439998626708984,50.25,50.61000061035156,50.61000061035156,1922400
2023-10-23,50.34000015258789,50.59000015258789,48.279998779296875,48.349998474121094,48.349998474121094,1411500
2023-10-24,48.900001525878906,50.97999954223633,48.900001525878906,49.619998931884766,49.619998931884766,1237300
2023-10-25,48.43000030517578,48.4900016784668,45.20000076293945,46.040000915527344,46.040000915527344,2699400
2023-10-26,46.0,46.64500045776367,44.5,44.66999816894531,44.66999816894531,1456100
2023-10-27,44.869998931884766,45.0,43.36000061035156,43.61000061035156,43.61000061035156,1159000
2023-10-30,44.34000015258789,44.689998626708984,42.90999984741211,43.959999084472656,43.959999084472656,982800
2023-10-31,44.43000030517578,45.060001373291016,43.9900016784668,44.52000045776367,44.52000045776367,1039500
2023-11-01,44.06999969482422,45.599998474121094,43.7599983215332,45.45000076293945,45.45000076293945,1037800
2023-11-02,46.31999969482422,48.65800094604492,46.2599983215332,47.880001068115234,47.880001068115234,1497400
2023-11-03,49.09000015258789,49.590999603271484,48.040000915527344,48.40999984741211,48.40999984741211,1192800
2023-11-06,48.77000045776367,48.77000045776367,46.119998931884766,46.56999969482422,46.56999969482422,843800
2023-11-07,46.41999816894531,48.06999969482422,45.91999816894531,47.650001525878906,47.650001525878906,2513200
2023-11-08,47.540000915527344,55.005001068115234,47.540000915527344,54.27000045776367,54.27000045776367,3982500
2023-11-09,55.5,56.4900016784668,53.900001525878906,55.529998779296875,55.529998779296875,2067900
2023-11-10,55.91999816894531,57.55500030517578,55.165000915527344,57.33000183105469,57.33000183105469,1667700
2023-11-13,57.0,59.119998931884766,56.775001525878906,58.849998474121094,58.849998474121094,1386900
2023-11-14,60.279998779296875,63.47999954223633,59.68000030517578,63.400001525878906,63.400001525878906,2165800
2023-11-15,63.349998474121094,64.43800354003906,62.52000045776367,62.900001525878906,62.900001525878906,1530300
2023-11-16,62.81999969482422,65.39800262451172,62.11000061035156,64.33999633789062,64.33999633789062,1409300
2023-11-17,64.25,65.0,63.29999923706055,64.63999938964844,64.63999938964844,1159300
2023-11-20,64.5999984741211,64.83999633789062,63.439998626708984,64.58999633789062,64.58999633789062,1086400
2023-11-21,64.13999938964844,64.27999877929688,62.81999969482422,63.63999938964844,63.63999938964844,965500
2023-11-22,64.37000274658203,64.5,63.310001373291016,63.83000183105469,63.83000183105469,1017000
2023-11-24,63.83000183105469,64.52999877929688,62.9900016784668,63.79999923706055,63.79999923706055,598500
2023-11-27,63.349998474121094,65.94999694824219,63.0,65.05000305175781,65.05000305175781,1386900
2023-11-28,64.75,65.80999755859375,64.0199966430664,65.0,65.0,840400
