Date,Open,High,Low,Close,Volume
2020-07-15,375.0,393.75,280.6499938964844,291.8999938964844,2673433
2020-07-16,285.1499938964844,306.0,285.0,296.25,413540
2020-07-17,300.0,324.0,297.75,319.5,330567
2020-07-20,317.54998779296875,324.1499938964844,305.25,314.8500061035156,183393
2020-07-21,315.1499938964844,318.6000061035156,301.5,313.5,357027
2020-07-22,318.0,333.29998779296875,311.3999938964844,329.70001220703125,148727
2020-07-23,332.70001220703125,336.0,304.5,315.45001220703125,128420
2020-07-24,305.1000061035156,311.25,281.25,296.70001220703125,300640
2020-07-27,298.5,307.04998779296875,298.5,301.5,59060
2020-07-28,300.29998779296875,307.04998779296875,283.20001220703125,285.75,145140
2020-07-29,284.1000061035156,286.875,258.6000061035156,262.6499938964844,279093
2020-07-30,258.0,271.3500061035156,258.0,270.0,85213
2020-07-31,267.45001220703125,273.75,265.95001220703125,266.25,48353
2020-08-03,267.29998779296875,277.2749938964844,257.70001220703125,274.3500061035156,61027
2020-08-04,272.1000061035156,277.5,266.25,267.75,69933
2020-08-05,270.0,272.8500061035156,259.79998779296875,261.75,73567
2020-08-06,262.5,263.8500061035156,252.3000030517578,254.5500030517578,74167
2020-08-07,253.5,261.8999938964844,246.0,258.75,56493
2020-08-10,260.25,265.79998779296875,252.75,262.20001220703125,81987
2020-08-11,265.5,267.4049987792969,230.6999969482422,232.0500030517578,181200
2020-08-12,235.9499969482422,240.0,228.47999572753906,237.60000610351562,70640
2020-08-13,238.9499969482422,239.9250030517578,227.10000610351562,235.64999389648438,67360
2020-08-14,236.25,253.6199951171875,235.64999389648438,252.3000030517578,115967
2020-08-17,256.5,289.04998779296875,256.5,287.8500061035156,127807
2020-08-18,291.0,292.5,271.5,285.45001220703125,59347
2020-08-19,286.3500061035156,291.45001220703125,280.2149963378906,285.29998779296875,65267
2020-08-20,270.1499938964844,273.6000061035156,249.22500610351562,255.4499969482422,187913
2020-08-21,255.0,264.1499938964844,237.89999389648438,239.5500030517578,102253
2020-08-24,240.75,241.60499572753906,220.2899932861328,232.64999389648438,141193
2020-08-25,232.8000030517578,232.8000030517578,213.89999389648438,214.5,127027
2020-08-26,217.35000610351562,218.6999969482422,208.1999969482422,209.39999389648438,127947
2020-08-27,209.5500030517578,209.7449951171875,193.64999389648438,204.0,189287
2020-08-28,202.8000030517578,207.0,197.39999389648438,201.4499969482422,131947
2020-08-31,201.89999389648438,213.14999389648438,200.85000610351562,208.64999389648438,131333
2020-09-01,208.8000030517578,210.75,196.8000030517578,205.0500030517578,88593
2020-09-02,204.60000610351562,215.39999389648438,202.5,214.5,99580
2020-09-03,214.5,217.1999969482422,200.25,207.8249969482422,103340
2020-09-04,206.6999969482422,207.89999389648438,199.0500030517578,200.85000610351562,59900
2020-09-08,199.1999969482422,201.0,191.25,196.0500030517578,74267
2020-09-09,197.39999389648438,201.4499969482422,194.02499389648438,194.25,30487
2020-09-10,205.0500030517578,205.0500030517578,199.1999969482422,202.5,52900
2020-09-11,202.1999969482422,205.1999969482422,191.5500030517578,191.5500030517578,46147
2020-09-14,193.1999969482422,198.0,192.375,192.60000610351562,71440
2020-09-15,197.10000610351562,198.0,184.8000030517578,187.9499969482422,51760
2020-09-16,188.5500030517578,191.5500030517578,186.0,187.9499969482422,84720
2020-09-17,186.14999389648438,209.85000610351562,183.3000030517578,203.1750030517578,140960
2020-09-18,202.1999969482422,210.375,198.0,208.1999969482422,312580
2020-09-21,205.0500030517578,209.25,195.19500732421875,199.8000030517578,34713
2020-09-22,200.39999389648438,210.89999389648438,195.8249969482422,209.25,55493
2020-09-23,210.0,219.60000610351562,207.14999389648438,211.1999969482422,59007
2020-09-24,204.14999389648438,209.85000610351562,196.64999389648438,201.4499969482422,39380
2020-09-25,203.5500030517578,209.5500030517578,201.75,206.85000610351562,23847
2020-09-28,208.9499969482422,210.89999389648438,200.6999969482422,202.1999969482422,21080
2020-09-29,202.1999969482422,203.85000610351562,196.64999389648438,199.35000610351562,61107
2020-09-30,200.5500030517578,202.5,193.27499389648438,195.375,36427
2020-10-01,198.89999389648438,208.64999389648438,198.14999389648438,205.8000030517578,78147
2020-10-02,205.64999389648438,224.85000610351562,204.14999389648438,219.60000610351562,78987
2020-10-05,223.8000030517578,229.5,221.6999969482422,225.14999389648438,86720
2020-10-06,225.0,227.65499877929688,208.64999389648438,210.0,84187
2020-10-07,212.25,214.35000610351562,205.5,210.89999389648438,36267
2020-10-08,211.64999389648438,214.0500030517578,202.1999969482422,203.85000610351562,38020
2020-10-09,207.75,209.94000244140625,196.9499969482422,200.10000610351562,31927
2020-10-12,202.64999389648438,205.5,193.8000030517578,195.14999389648438,45633
2020-10-13,194.10000610351562,196.97999572753906,187.5,189.89999389648438,56773
2020-10-14,191.39999389648438,192.0,186.89999389648438,186.89999389648438,39487
2020-10-15,188.39999389648438,188.39999389648438,180.75,183.75,53007
2020-10-16,185.25,186.97500610351562,180.3000030517578,180.89999389648438,66647
2020-10-19,181.35000610351562,188.39999389648438,173.25,180.89999389648438,134340
2020-10-20,181.9499969482422,185.39999389648438,174.14999389648438,176.6999969482422,62820
2020-10-21,176.25,176.38499450683594,168.75,169.9499969482422,132973
2020-10-22,169.8000030517578,175.5,168.0,173.85000610351562,61753
2020-10-23,171.60000610351562,180.60000610351562,166.0500030517578,179.6999969482422,97107
2020-10-26,178.5,180.0,166.1999969482422,168.89999389648438,42800
2020-10-27,172.35000610351562,172.35000610351562,167.02499389648438,167.6999969482422,24807
2020-10-28,165.4499969482422,166.5,159.3000030517578,160.0500030517578,54073
2020-10-29,161.10000610351562,163.0500030517578,151.64999389648438,156.4499969482422,98180
2020-10-30,156.14999389648438,157.9499969482422,150.3000030517578,155.39999389648438,65447
2020-11-02,158.25,160.1999969482422,151.9499969482422,157.0500030517578,38340
2020-11-03,157.8000030517578,172.64999389648438,157.8000030517578,172.5,58467
2020-11-04,174.60000610351562,180.89999389648438,172.64999389648438,173.85000610351562,55420
2020-11-05,174.75,177.60000610351562,170.6999969482422,175.1999969482422,26973
2020-11-06,175.1999969482422,186.60000610351562,173.9250030517578,182.25,38820
2020-11-09,188.85000610351562,196.8000030517578,183.60000610351562,192.75,71780
2020-11-10,192.14999389648438,196.0500030517578,184.77000427246094,195.75,45413
2020-11-11,196.5,205.0500030517578,195.75,199.9499969482422,97967
2020-11-12,177.75,180.4949951171875,161.6999969482422,166.64999389648438,303053
2020-11-13,167.6999969482422,173.6999969482422,162.75,172.1999969482422,142573
2020-11-16,179.25,179.25,163.5,166.1999969482422,76167
2020-11-17,166.35000610351562,172.8000030517578,161.85000610351562,170.25,62460
2020-11-18,174.14999389648438,177.0,166.0500030517578,176.6999969482422,58673
2020-11-19,174.60000610351562,181.9499969482422,173.39999389648438,180.3000030517578,31007
2020-11-20,180.3000030517578,182.39999389648438,173.6999969482422,174.4499969482422,30993
2020-11-23,174.75,175.5,165.14999389648438,165.3000030517578,86133
2020-11-24,168.0,170.5500030517578,163.64999389648438,164.25,85507
2020-11-25,165.0,167.47500610351562,164.25,165.4499969482422,37227
2020-11-27,168.75,169.35000610351562,165.75,166.9499969482422,25533
2020-11-30,166.9499969482422,167.86500549316406,157.64999389648438,158.10000610351562,113120
2020-12-01,159.75,160.9499969482422,150.75,150.75,126300
2020-12-02,151.64999389648438,161.5500030517578,150.14999389648438,161.25,132727
2020-12-03,162.0,168.4499969482422,159.3000030517578,167.39999389648438,100060
2020-12-04,168.14999389648438,178.35000610351562,168.14999389648438,178.0500030517578,91673
2020-12-07,176.85000610351562,186.3000030517578,174.75,180.60000610351562,59760
2020-12-08,181.0500030517578,189.60000610351562,178.5,187.5,58133
2020-12-09,190.35000610351562,194.25,177.14999389648438,183.75,112053
2020-12-10,179.6999969482422,207.0749969482422,177.60000610351562,205.8000030517578,84107
2020-12-11,205.1999969482422,209.10000610351562,195.3000030517578,199.35000610351562,68573
2020-12-14,208.5,227.39999389648438,208.1999969482422,211.35000610351562,157440
2020-12-15,218.6999969482422,222.60000610351562,206.39999389648438,206.85000610351562,65627
2020-12-16,210.75,214.1999969482422,200.85000610351562,204.4499969482422,55280
2020-12-17,208.35000610351562,215.6999969482422,205.1999969482422,213.60000610351562,48140
2020-12-18,213.75,218.6999969482422,210.88499450683594,217.8000030517578,64060
2020-12-21,210.0,214.27499389648438,206.39999389648438,211.1999969482422,47533
2020-12-22,214.35000610351562,215.39999389648438,200.5500030517578,201.14999389648438,61640
2020-12-23,204.89999389648438,210.60000610351562,201.08999633789062,208.8000030517578,36053
2020-12-24,208.0500030517578,212.39999389648438,204.6750030517578,211.5,17113
2020-12-28,214.15499877929688,214.15499877929688,198.0,200.5500030517578,67627
2020-12-29,201.3000030517578,205.5,199.5,199.64999389648438,39367
2020-12-30,199.8000030517578,203.5500030517578,193.64999389648438,201.89999389648438,43353
2020-12-31,201.14999389648438,205.8000030517578,198.75,204.89999389648438,43073
2021-01-04,213.75,230.6999969482422,211.9499969482422,220.35000610351562,132527
2021-01-05,221.25,224.25,213.89999389648438,218.10000610351562,61147
2021-01-06,219.4499969482422,221.23500061035156,207.14999389648438,212.85000610351562,73773
2021-01-07,216.0,220.1999969482422,212.85000610351562,216.60000610351562,46740
2021-01-08,228.0,245.5050048828125,225.57000732421875,240.0,172047
2021-01-11,238.35000610351562,240.0,216.0,222.14999389648438,205787
2021-01-12,227.39999389648438,229.1999969482422,220.5,222.14999389648438,97480
2021-01-13,222.14999389648438,228.4499969482422,222.14999389648438,228.3000030517578,68547
2021-01-14,230.25,233.39999389648438,221.5500030517578,222.3000030517578,75673
2021-01-15,222.4499969482422,226.64999389648438,213.0,225.0,77980
2021-01-19,227.25,227.25,219.14999389648438,223.0500030517578,66833
2021-01-20,223.5,227.6999969482422,219.89999389648438,223.5,76560
2021-01-21,224.39999389648438,227.85000610351562,217.8000030517578,227.39999389648438,85080
2021-01-22,225.4499969482422,230.5500030517578,222.0,225.3000030517578,90460
2021-01-25,221.39999389648438,223.875,212.25,219.89999389648438,98713
2021-01-26,219.14999389648438,224.39999389648438,218.25,221.5500030517578,48093
2021-01-27,213.0,226.35000610351562,212.39999389648438,219.3000030517578,101513
2021-01-28,218.6999969482422,224.25,212.85000610351562,220.9499969482422,76187
2021-01-29,212.85000610351562,215.38499450683594,198.14999389648438,199.64999389648438,186373
2021-02-01,203.39999389648438,205.1999969482422,193.5,200.6999969482422,96760
2021-02-02,204.14999389648438,211.8000030517578,202.8000030517578,208.8000030517578,65427
2021-02-03,208.5,214.5,206.25,214.1999969482422,52600
2021-02-04,216.89999389648438,220.0500030517578,214.9499969482422,218.10000610351562,52640
2021-02-05,219.0,220.64999389648438,214.64999389648438,215.6999969482422,69427
2021-02-08,215.5500030517578,216.4499969482422,209.6999969482422,210.0,109400
2021-02-09,214.9499969482422,227.6999969482422,213.0,225.0,305320
2021-02-10,227.25,230.71499633789062,214.35000610351562,222.14999389648438,185380
2021-02-11,221.39999389648438,227.0850067138672,220.1999969482422,221.10000610351562,106500
2021-02-12,220.1999969482422,220.64999389648438,210.34500122070312,216.0,68913
2021-02-16,213.89999389648438,219.14999389648438,207.60000610351562,217.35000610351562,100280
2021-02-17,211.27499389648438,217.8000030517578,210.0,215.6999969482422,78407
2021-02-18,210.75,213.60000610351562,207.3000030517578,213.4499969482422,75027
2021-02-19,214.5,221.85000610351562,210.4499969482422,221.85000610351562,79453
2021-02-22,217.9499969482422,222.14999389648438,211.8000030517578,217.9499969482422,79800
2021-02-23,211.8000030517578,216.4499969482422,199.64999389648438,215.10000610351562,119027
2021-02-24,214.8000030517578,217.5,208.1999969482422,216.75,99840
2021-02-25,216.14999389648438,226.0500030517578,211.9499969482422,212.6999969482422,94580
2021-02-26,213.3000030517578,213.75,198.3000030517578,203.5500030517578,83393
2021-03-01,207.75,213.0,203.47500610351562,211.64999389648438,69907
2021-03-02,212.25,216.89999389648438,203.25,203.6999969482422,41960
2021-03-03,202.5,208.8000030517578,199.5,199.8000030517578,51587
2021-03-04,198.4499969482422,199.5,178.1999969482422,181.35000610351562,130693
2021-03-05,183.89999389648438,187.8000030517578,168.6750030517578,184.1999969482422,133033
2021-03-08,184.8000030517578,190.1999969482422,175.27499389648438,177.89999389648438,118213
2021-03-09,180.0,184.0500030517578,156.60000610351562,156.75,384113
2021-03-10,161.25,161.6999969482422,147.3000030517578,151.35000610351562,438140
2021-03-11,152.07000732421875,157.64999389648438,148.35000610351562,156.14999389648438,232860
2021-03-12,154.8000030517578,155.6999969482422,149.39999389648438,153.0,227487
2021-03-15,158.39999389648438,173.6999969482422,157.35000610351562,173.39999389648438,364260
2021-03-16,175.35000610351562,176.6999969482422,165.14999389648438,170.5500030517578,208840
2021-03-17,166.0500030517578,177.14999389648438,165.89999389648438,174.75,190467
2021-03-18,177.60000610351562,183.14999389648438,173.6999969482422,181.5,246907
2021-03-19,177.4499969482422,185.85000610351562,174.75,180.0,232227
2021-03-22,183.4499969482422,184.0500030517578,174.14999389648438,174.3000030517578,141293
2021-03-23,172.5749969482422,176.10000610351562,169.0500030517578,170.25,103707
2021-03-24,169.9499969482422,172.9499969482422,159.89999389648438,160.1999969482422,94573
2021-03-25,155.39999389648438,168.75,153.4499969482422,167.25,124713
2021-03-26,167.5500030517578,168.89999389648438,165.0,168.60000610351562,75353
2021-03-29,166.35000610351562,171.4499969482422,165.4499969482422,168.3000030517578,91887
2021-03-30,168.3000030517578,171.60000610351562,164.5500030517578,169.35000610351562,71967
2021-03-31,167.39999389648438,176.5500030517578,166.5,175.35000610351562,68873
2021-04-01,179.39999389648438,179.39999389648438,170.9250030517578,172.1999969482422,112160
2021-04-05,172.1999969482422,174.60000610351562,171.0,174.14999389648438,45687
2021-04-06,174.4499969482422,179.10000610351562,173.25,177.14999389648438,44413
2021-04-07,176.39999389648438,178.125,173.39999389648438,176.625,59060
2021-04-08,177.14999389648438,178.7550048828125,175.5,177.89999389648438,117800
2021-04-09,177.3000030517578,182.10000610351562,175.1999969482422,182.02499389648438,56873
2021-04-12,182.39999389648438,182.39999389648438,175.63499450683594,178.8000030517578,94040
2021-04-13,179.39999389648438,185.9250030517578,177.0,184.5,162347
2021-04-14,183.3000030517578,184.5,176.25,177.3000030517578,107740
2021-04-15,179.25,184.125,178.1999969482422,182.39999389648438,58793
2021-04-16,183.60000610351562,184.64999389648438,180.14999389648438,183.60000610351562,42540
2021-04-19,183.4499969482422,184.8000030517578,178.9499969482422,181.5,55533
2021-04-20,179.6999969482422,182.6999969482422,176.5500030517578,180.4499969482422,80320
2021-04-21,181.0500030517578,181.9499969482422,177.60000610351562,178.64999389648438,49773
2021-04-22,177.89999389648438,179.25,174.3000030517578,176.5500030517578,79367
2021-04-23,177.75,181.5,176.2050018310547,180.75,36013
2021-04-26,181.35000610351562,185.39999389648438,179.39999389648438,183.75,97380
2021-04-27,183.60000610351562,185.6999969482422,181.9499969482422,183.4499969482422,33167
2021-04-28,180.89999389648438,183.4499969482422,180.22500610351562,181.0500030517578,29373
2021-04-29,184.35000610351562,184.8000030517578,180.3000030517578,183.3000030517578,49993
2021-04-30,181.0500030517578,185.85000610351562,177.4499969482422,178.9499969482422,82153
2021-05-03,179.85000610351562,181.5,174.75,177.14999389648438,54607
2021-05-04,175.8000030517578,180.0,174.3000030517578,180.0,72720
2021-05-05,180.60000610351562,181.5,175.35000610351562,176.10000610351562,52527
2021-05-06,175.64999389648438,178.64999389648438,171.14999389648438,176.10000610351562,81480
2021-05-07,178.35000610351562,183.14999389648438,176.10000610351562,180.0,74373
2021-05-10,180.89999389648438,181.9499969482422,175.1999969482422,177.3000030517578,111400
2021-05-11,173.6999969482422,181.1999969482422,172.5,178.1999969482422,70753
2021-05-12,178.0500030517578,178.0500030517578,171.0,174.0,168047
2021-05-13,171.89999389648438,181.8000030517578,164.25,173.39999389648438,355213
2021-05-14,177.60000610351562,178.1999969482422,167.47500610351562,171.60000610351562,211620
2021-05-17,171.14999389648438,171.60000610351562,166.1999969482422,168.14999389648438,203653
2021-05-18,168.60000610351562,176.85000610351562,166.9499969482422,175.5,123267
2021-05-19,174.0,179.10000610351562,172.1699981689453,177.0,66833
2021-05-20,177.14999389648438,179.85000610351562,175.4250030517578,176.10000610351562,58287
2021-05-21,175.5,178.5,174.14999389648438,174.3000030517578,51220
2021-05-24,174.4499969482422,176.39999389648438,173.25,174.3000030517578,92413
2021-05-25,175.9499969482422,175.9499969482422,167.5800018310547,167.85000610351562,103860
2021-05-26,168.4499969482422,175.64999389648438,166.9499969482422,175.35000610351562,105647
2021-05-27,174.60000610351562,176.77499389648438,172.35000610351562,172.9499969482422,77580
2021-05-28,174.0,176.9250030517578,170.25,170.5500030517578,71053
2021-06-01,170.6999969482422,171.75,164.5500030517578,166.1999969482422,67720
2021-06-02,167.39999389648438,169.64999389648438,164.5500030517578,169.0500030517578,105160
2021-06-03,168.75,169.64999389648438,165.75,168.89999389648438,45280
2021-06-04,168.75,171.0,164.39999389648438,165.0,57047
2021-06-07,165.0,168.0,161.25,166.5,82933
2021-06-08,168.89999389648438,176.5500030517578,168.14999389648438,171.3000030517578,100687
2021-06-09,173.25,178.1999969482422,171.3000030517578,171.75,62893
2021-06-10,173.5500030517578,173.5500030517578,168.14999389648438,170.6999969482422,43640
2021-06-11,171.4499969482422,172.5,168.75,171.14999389648438,45173
2021-06-14,172.1999969482422,174.3000030517578,170.25,171.3000030517578,48380
2021-06-15,171.14999389648438,174.0749969482422,168.89999389648438,172.64999389648438,48720
2021-06-16,172.1999969482422,173.10000610351562,166.35000610351562,168.60000610351562,77407
2021-06-17,168.4499969482422,172.64999389648438,168.0,169.8000030517578,87593
2021-06-18,169.9499969482422,170.6999969482422,167.25,169.35000610351562,68413
2021-06-21,170.10000610351562,170.25,165.14999389648438,170.10000610351562,81833
2021-06-22,168.75,172.64999389648438,168.75,172.1999969482422,68367
2021-06-23,172.9499969482422,174.75,170.6999969482422,174.14999389648438,41273
2021-06-24,175.0500030517578,178.0500030517578,173.25,175.9499969482422,77827
2021-06-25,177.0,177.0,171.60000610351562,175.5,154067
2021-06-28,173.6999969482422,178.64999389648438,173.6999969482422,178.5,54653
2021-06-29,178.64999389648438,178.64999389648438,173.85000610351562,175.1999969482422,37333
2021-06-30,175.9499969482422,175.9499969482422,167.5500030517578,168.14999389648438,78060
2021-07-01,168.0,170.10000610351562,164.47500610351562,164.6999969482422,55207
2021-07-02,163.8000030517578,164.71499633789062,155.5500030517578,156.60000610351562,92767
2021-07-06,157.64999389648438,158.10000610351562,152.25,152.6999969482422,49520
2021-07-07,152.39999389648438,154.5,148.8000030517578,153.14999389648438,84913
2021-07-08,150.60000610351562,153.60000610351562,146.10000610351562,150.4499969482422,72913
2021-07-09,151.5,152.39999389648438,148.72500610351562,148.9499969482422,35180
2021-07-12,148.5,148.8000030517578,145.1999969482422,147.4499969482422,46193
2021-07-13,148.9499969482422,148.9499969482422,144.75,147.3000030517578,44567
2021-07-14,147.14999389648438,148.8000030517578,145.0500030517578,147.0,48500
2021-07-15,145.6649932861328,150.60000610351562,145.5,150.60000610351562,75113
2021-07-16,150.75,151.0500030517578,146.25,148.1999969482422,68227
2021-07-19,145.64999389648438,147.75,139.5,141.0,80993
2021-07-20,140.5500030517578,143.85000610351562,139.0500030517578,140.6999969482422,80260
2021-07-21,141.0,144.89999389648438,141.0,143.85000610351562,53907
2021-07-22,143.39999389648438,144.46499633789062,140.625,140.85000610351562,49667
2021-07-23,141.60000610351562,141.60000610351562,138.89999389648438,139.5,42073
2021-07-26,138.75,140.6999969482422,135.60000610351562,136.5,64153
2021-07-27,135.75,136.0500030517578,129.3000030517578,132.3000030517578,69773
2021-07-28,133.5,136.8000030517578,132.0,135.89999389648438,47267
2021-07-29,137.25,138.0,134.02499389648438,136.9499969482422,55447
2021-07-30,135.75,135.75,131.85000610351562,132.0,41547
2021-08-02,133.1999969482422,138.14999389648438,132.75,135.4499969482422,65207
2021-08-03,136.5,137.6999969482422,134.10000610351562,136.0500030517578,98233
2021-08-04,135.4499969482422,138.8249969482422,134.6999969482422,135.60000610351562,70653
2021-08-05,135.60000610351562,135.60000610351562,132.89999389648438,134.10000610351562,80680
2021-08-06,134.5500030517578,138.0,134.25,136.8000030517578,34780
2021-08-09,136.0500030517578,136.64999389648438,135.0,136.0500030517578,55687
2021-08-10,136.0500030517578,136.5,128.85000610351562,129.0,65780
2021-08-11,128.85000610351562,130.35000610351562,120.5250015258789,123.0,119520
2021-08-12,94.6500015258789,99.75,69.1500015258789,70.3499984741211,1848433
2021-08-13,70.5,70.55999755859375,60.0,61.04999923706055,1144740
2021-08-16,64.42500305175781,75.0,62.099998474121094,74.55000305175781,1025180
2021-08-17,73.5,75.0,68.55000305175781,70.94999694824219,399087
2021-08-18,70.41000366210938,73.05000305175781,68.69999694824219,70.19999694824219,257500
2021-08-19,72.44999694824219,81.9000015258789,71.8499984741211,73.80000305175781,858760
2021-08-20,75.1500015258789,75.9000015258789,67.6500015258789,68.55000305175781,463007
2021-08-23,69.30000305175781,71.92500305175781,65.55000305175781,71.25,329680
2021-08-24,72.0,76.42500305175781,71.69999694824219,73.3499984741211,230513
2021-08-25,73.52999877929688,74.69999694824219,71.25,73.19999694824219,200860
2021-08-26,72.5999984741211,73.13999938964844,67.94999694824219,70.6500015258789,405013
2021-08-27,70.05000305175781,73.05000305175781,69.67500305175781,71.4000015258789,212353
2021-08-30,71.55000305175781,77.55000305175781,71.55000305175781,74.69999694824219,440733
2021-08-31,75.0,75.5999984741211,72.44999694824219,72.9000015258789,214607
2021-09-01,73.05000305175781,77.17500305175781,72.5999984741211,75.5999984741211,307460
2021-09-02,75.61499786376953,75.75,72.67500305175781,73.19999694824219,266573
2021-09-03,73.3499984741211,77.8499984741211,72.1500015258789,76.94999694824219,456773
2021-09-07,76.6500015258789,79.94999694824219,76.3499984741211,76.80000305175781,345453
2021-09-08,76.80000305175781,79.5,73.05000305175781,73.5,265800
2021-09-09,73.6500015258789,80.55000305175781,72.375,80.4000015258789,330773
2021-09-10,79.3499984741211,87.30000305175781,79.05000305175781,84.30000305175781,512520
2021-09-13,84.0,87.0,80.69999694824219,86.4000015258789,334747
2021-09-14,85.2750015258789,89.8499984741211,81.75,84.44999694824219,315820
2021-09-15,84.30000305175781,87.5999984741211,82.3499984741211,86.8499984741211,220827
2021-09-16,85.5,86.4000015258789,80.25,81.5999984741211,435920
2021-09-17,81.30000305175781,82.57499694824219,79.6500015258789,80.55000305175781,358073
2021-09-20,78.5999984741211,78.75,75.0,78.5999984741211,339367
2021-09-21,78.75,82.6500015258789,78.44999694824219,81.9000015258789,219287
2021-09-22,82.05000305175781,83.17500305175781,79.3499984741211,79.94999694824219,147927
2021-09-23,80.25,80.25,77.32499694824219,78.30000305175781,137607
2021-09-24,78.30000305175781,78.9000015258789,76.7249984741211,77.25,145133
2021-09-27,77.55000305175781,81.5999984741211,77.0250015258789,80.0999984741211,150247
2021-09-28,79.3499984741211,82.19999694824219,75.9000015258789,75.9000015258789,154727
2021-09-29,76.3499984741211,78.5999984741211,74.4749984741211,74.8499984741211,127940
2021-09-30,75.30000305175781,76.05000305175781,72.9000015258789,75.44999694824219,138260
2021-10-01,75.30000305175781,77.25,73.125,76.5,125387
2021-10-04,75.75,78.5999984741211,70.80000305175781,70.94999694824219,222160
2021-10-05,72.67500305175781,75.07499694824219,70.7249984741211,74.25,299847
2021-10-06,72.9000015258789,76.80000305175781,72.67500305175781,76.05000305175781,123720
2021-10-07,75.75,81.5999984741211,75.44999694824219,79.19999694824219,133853
2021-10-08,79.3499984741211,81.0,78.07499694824219,79.05000305175781,129233
2021-10-11,78.9000015258789,80.8499984741211,77.55000305175781,77.69999694824219,96193
2021-10-12,78.44999694824219,78.44999694824219,76.05000305175781,77.25,116187
2021-10-13,77.55000305175781,80.25,76.6500015258789,78.9000015258789,114973
2021-10-14,80.25,82.6500015258789,79.3499984741211,80.8499984741211,85573
2021-10-15,80.55000305175781,82.94999694824219,78.5999984741211,79.05000305175781,87133
2021-10-18,79.05000305175781,82.3499984741211,78.5250015258789,81.9000015258789,111620
2021-10-19,82.5,85.80000305175781,80.25,84.9000015258789,165293
2021-10-20,84.44999694824219,93.13500213623047,84.44999694824219,92.0999984741211,199273
2021-10-21,90.5999984741211,91.3499984741211,86.8499984741211,87.44999694824219,143287
2021-10-22,87.30000305175781,88.5,84.44999694824219,85.6500015258789,70227
2021-10-25,86.55000305175781,88.80000305175781,86.0999984741211,86.69999694824219,60553
2021-10-26,87.0,87.0,84.5999984741211,85.5,56693
2021-10-27,84.9000015258789,86.55000305175781,81.9000015258789,82.05000305175781,94713
2021-10-28,82.19999694824219,84.5999984741211,79.80000305175781,84.1500015258789,64000
2021-10-29,84.07499694824219,84.9000015258789,81.0,81.0,58927
2021-11-01,81.75,87.1500015258789,81.30000305175781,85.6500015258789,91007
2021-11-02,85.05000305175781,85.29000091552734,80.55000305175781,82.3499984741211,108293
2021-11-03,82.3499984741211,85.80000305175781,81.5999984741211,84.9000015258789,68707
2021-11-04,85.3499984741211,88.19999694824219,82.05000305175781,83.25,210347
2021-11-05,84.44999694824219,84.44999694824219,74.8499984741211,75.44999694824219,341013
2021-11-08,74.69999694824219,75.0,68.55000305175781,69.75,409420
2021-11-09,68.0250015258789,68.8499984741211,63.75,64.94999694824219,455687
2021-11-10,67.80000305175781,78.56999969482422,65.69999694824219,70.5,615860
2021-11-11,72.34500122070312,72.34500122070312,67.05000305175781,67.5,261547
2021-11-12,67.80000305175781,69.0,65.69999694824219,66.44999694824219,131287
2021-11-15,66.9000015258789,68.4000015258789,65.4000015258789,65.55000305175781,147907
2021-11-16,66.44999694824219,66.75,64.2750015258789,65.55000305175781,166907
2021-11-17,64.80000305175781,65.0999984741211,60.29999923706055,60.29999923706055,213227
2021-11-18,60.29999923706055,60.45000076293945,56.025001525878906,56.849998474121094,282213
2021-11-19,57.900001525878906,57.900001525878906,53.54999923706055,54.29999923706055,255140
2021-11-22,55.20000076293945,55.650001525878906,51.45000076293945,54.0,306920
2021-11-23,54.29999923706055,54.29999923706055,50.25,51.75,182987
2021-11-24,53.70000076293945,58.650001525878906,52.650001525878906,56.849998474121094,367967
2021-11-26,55.95000076293945,56.849998474121094,52.5,53.400001525878906,138800
2021-11-29,54.0,54.599998474121094,50.70000076293945,51.45000076293945,193387
2021-11-30,54.45000076293945,56.70000076293945,50.17499923706055,53.099998474121094,242813
2021-12-01,53.099998474121094,56.70000076293945,51.900001525878906,52.20000076293945,404880
2021-12-02,52.349998474121094,55.95000076293945,52.20000076293945,53.849998474121094,240947
2021-12-03,53.54999923706055,54.150001525878906,50.400001525878906,51.45000076293945,156640
2021-12-06,51.29999923706055,54.29999923706055,49.5,52.650001525878906,139207
2021-12-07,52.650001525878906,57.900001525878906,51.900001525878906,55.5,222227
2021-12-08,55.20000076293945,59.400001525878906,54.150001525878906,58.349998474121094,98233
2021-12-09,57.900001525878906,59.474998474121094,55.724998474121094,57.150001525878906,109607
2021-12-10,57.29999923706055,58.42499923706055,55.349998474121094,55.79999923706055,72593
2021-12-13,55.04999923706055,56.54999923706055,53.400001525878906,55.04999923706055,103347
2021-12-14,55.20000076293945,57.45000076293945,53.54999923706055,54.150001525878906,115967
2021-12-15,54.0,54.0,51.0,52.04999923706055,172960
2021-12-16,52.5,55.349998474121094,51.900001525878906,52.349998474121094,117780
2021-12-17,52.20000076293945,54.29999923706055,50.25,54.0,180200
2021-12-20,52.650001525878906,52.650001525878906,49.20000076293945,49.79999923706055,158047
2021-12-21,50.099998474121094,54.75,49.95000076293945,53.25,154053
2021-12-22,53.25,55.724998474121094,52.42499923706055,55.04999923706055,73113
2021-12-23,55.349998474121094,59.25,54.79499816894531,58.5,102887
2021-12-27,58.5,58.5,55.349998474121094,55.650001525878906,95020
2021-12-28,55.20000076293945,57.75,54.0,54.150001525878906,98380
2021-12-29,53.70000076293945,54.29999923706055,51.75,52.20000076293945,118440
2021-12-30,51.900001525878906,58.20000076293945,51.900001525878906,56.54999923706055,136453
2021-12-31,56.400001525878906,59.775001525878906,55.42499923706055,56.849998474121094,140140
2022-01-03,57.0,59.625,56.400001525878906,58.650001525878906,89220
2022-01-04,58.79999923706055,63.599998474121094,58.5,61.650001525878906,258920
2022-01-05,55.95000076293945,56.70000076293945,48.0,48.900001525878906,876813
2022-01-06,50.099998474121094,50.099998474121094,42.75,42.900001525878906,390247
2022-01-07,41.54999923706055,45.67499923706055,38.775001525878906,44.70000076293945,480020
2022-01-10,44.099998474121094,46.20000076293945,42.45000076293945,45.599998474121094,234813
2022-01-11,45.0,48.29999923706055,45.0,47.400001525878906,176160
2022-01-12,48.45000076293945,48.45000076293945,44.849998474121094,45.75,126327
2022-01-13,45.75,46.04999923706055,43.349998474121094,43.79999923706055,100333
2022-01-14,43.79999923706055,45.0,41.92499923706055,44.099998474121094,110560
2022-01-18,44.099998474121094,44.099998474121094,40.650001525878906,40.650001525878906,88793
2022-01-19,40.5,41.400001525878906,39.29999923706055,39.29999923706055,97273
2022-01-20,39.900001525878906,42.82500076293945,39.75,39.900001525878906,99100
2022-01-21,39.0,39.75,36.29999923706055,37.349998474121094,190860
2022-01-24,36.29999923706055,38.849998474121094,33.45000076293945,38.849998474121094,238067
2022-01-25,37.650001525878906,39.599998474121094,36.1349983215332,38.400001525878906,92193
2022-01-26,39.29999923706055,39.599998474121094,35.70000076293945,36.900001525878906,220120
2022-01-27,37.20000076293945,38.099998474121094,34.04999923706055,34.349998474121094,175880
2022-01-28,36.974998474121094,39.599998474121094,35.099998474121094,39.150001525878906,380513
2022-01-31,38.54999923706055,41.54999923706055,36.93000030517578,41.400001525878906,218980
2022-02-01,41.70000076293945,43.79999923706055,37.20000076293945,42.150001525878906,207373
2022-02-02,41.849998474121094,42.0,37.349998474121094,41.54999923706055,334913
2022-02-03,39.900001525878906,40.349998474121094,35.25,35.54999923706055,246173
2022-02-04,35.70000076293945,38.099998474121094,34.349998474121094,36.29999923706055,148140
2022-02-07,36.29999923706055,36.599998474121094,33.45000076293945,34.349998474121094,333860
2022-02-08,29.850000381469727,30.600000381469727,25.350000381469727,29.25,747360
2022-02-09,29.399999618530273,31.5,28.049999237060547,29.700000762939453,246453
2022-02-10,28.799999237060547,32.70000076293945,27.600000381469727,29.850000381469727,391107
2022-02-11,29.25,31.350000381469727,27.600000381469727,28.200000762939453,257380
2022-02-14,27.899999618530273,28.799999237060547,26.700000762939453,27.149999618530273,250840
2022-02-15,27.600000381469727,28.649999618530273,26.850000381469727,27.899999618530273,292160
2022-02-16,27.899999618530273,31.350000381469727,27.149999618530273,30.149999618530273,215453
2022-02-17,30.600000381469727,30.600000381469727,28.200000762939453,28.649999618530273,153693
2022-02-18,28.649999618530273,34.04999923706055,27.75,32.70000076293945,287627
2022-02-22,31.049999237060547,31.950000762939453,29.100000381469727,29.399999618530273,164587
2022-02-23,29.850000381469727,30.600000381469727,27.149999618530273,27.299999237060547,77887
2022-02-24,25.5,31.350000381469727,25.350000381469727,31.200000762939453,158367
2022-02-25,31.049999237060547,33.29999923706055,30.0,33.150001525878906,185567
2022-02-28,32.54999923706055,33.900001525878906,31.799999237060547,33.45000076293945,123460
2022-03-01,32.849998474121094,32.849998474121094,28.709999084472656,29.850000381469727,279960
2022-03-02,21.8700008392334,23.024999618530273,18.149999618530273,19.950000762939453,1204367
2022-03-03,19.799999237060547,20.25,16.649999618530273,16.950000762939453,577560
2022-03-04,16.950000762939453,17.850000381469727,16.200000762939453,17.549999237060547,273193
2022-03-07,17.100000381469727,17.549999237060547,15.75,17.100000381469727,226513
2022-03-08,17.25,19.350000381469727,17.100000381469727,18.450000762939453,185053
2022-03-09,18.450000762939453,21.450000762939453,17.549999237060547,17.850000381469727,324853
2022-03-10,17.850000381469727,18.0,16.5,17.25,159027
2022-03-11,17.700000762939453,17.850000381469727,16.200000762939453,16.350000381469727,170820
2022-03-14,16.799999237060547,16.950000762939453,14.71500015258789,16.125,206767
2022-03-15,16.049999237060547,18.299999237060547,16.049999237060547,18.0,332533
2022-03-16,17.100000381469727,20.399999618530273,16.5,19.950000762939453,542633
2022-03-17,19.950000762939453,21.149999618530273,19.049999237060547,20.549999237060547,372433
2022-03-18,20.25,22.200000762939453,19.5,22.200000762939453,327900
2022-03-21,22.200000762939453,25.5,21.600000381469727,23.25,199380
2022-03-22,24.0,25.049999237060547,23.399999618530273,23.399999618530273,139220
2022-03-23,23.399999618530273,23.850000381469727,21.899999618530273,22.200000762939453,117740
2022-03-24,22.5,22.799999237060547,19.200000762939453,19.799999237060547,309720
2022-03-25,19.950000762939453,20.700000762939453,19.049999237060547,20.25,248113
2022-03-28,19.950000762939453,20.25,19.200000762939453,19.350000381469727,157127
2022-03-29,19.950000762939453,20.700000762939453,19.350000381469727,19.649999618530273,187427
2022-03-30,19.5,19.649999618530273,17.850000381469727,18.149999618530273,139900
2022-03-31,18.299999237060547,18.600000381469727,17.25,17.700000762939453,194640
2022-04-01,17.549999237060547,19.200000762939453,17.100000381469727,18.600000381469727,220227
2022-04-04,18.0,19.649999618530273,17.25,19.350000381469727,415400
2022-04-05,19.5,19.5,17.549999237060547,18.149999618530273,817747
2022-04-06,18.0,18.0,16.799999237060547,17.25,240713
2022-04-07,17.25,17.399999618530273,15.899999618530273,16.950000762939453,181127
2022-04-08,16.5,16.815000534057617,16.049999237060547,16.049999237060547,96660
2022-04-11,15.75,16.350000381469727,15.600000381469727,15.75,106887
2022-04-12,15.75,16.350000381469727,14.744999885559082,14.970000267028809,178727
2022-04-13,14.984999656677246,15.449999809265137,14.925000190734863,14.925000190734863,254733
2022-04-14,14.850000381469727,15.300000190734863,14.039999961853027,14.550000190734863,227360
2022-04-18,14.550000190734863,14.550000190734863,12.899999618530273,13.109999656677246,222393
2022-04-19,12.854999542236328,13.680000305175781,12.779999732971191,13.229999542236328,273440
2022-04-20,13.229999542236328,13.305000305175781,12.149999618530273,12.569999694824219,193340
2022-04-21,12.375,12.899999618530273,10.694999694824219,10.875,247087
2022-04-22,10.649999618530273,11.5649995803833,10.649999618530273,11.430000305175781,187247
2022-04-25,11.354999542236328,11.699999809265137,10.649999618530273,11.505000114440918,99133
2022-04-26,11.039999961853027,11.550000190734863,10.5,11.100000381469727,160420
2022-04-27,11.145000457763672,11.369999885559082,10.350000381469727,11.039999961853027,177187
2022-04-28,10.904999732971191,12.255000114440918,10.59000015258789,12.255000114440918,249240
2022-04-29,12.0,12.539999961853027,10.979999542236328,11.204999923706055,193247
2022-05-02,11.265000343322754,12.899999618530273,10.800000190734863,12.119999885559082,262040
2022-05-03,12.0,13.800000190734863,11.729999542236328,11.819999694824219,174660
2022-05-04,11.699999809265137,12.149999618530273,11.265000343322754,11.729999542236328,140867
2022-05-05,11.505000114440918,12.119999885559082,11.430000305175781,12.015000343322754,166940
2022-05-06,12.0,12.180000305175781,10.604999542236328,10.710000038146973,126087
2022-05-09,10.78499984741211,10.829999923706055,9.75,10.199999809265137,116067
2022-05-10,10.350000381469727,10.800000190734863,9.449999809265137,10.59000015258789,186587
2022-05-11,11.25,12.135000228881836,10.96500015258789,11.324999809265137,156520
2022-05-12,10.649999618530273,11.25,9.899999618530273,10.380000114440918,152900
2022-05-13,10.800000190734863,11.550000190734863,10.574999809265137,10.694999694824219,119047
2022-05-16,10.949999809265137,11.295000076293945,9.824999809265137,9.869999885559082,84140
2022-05-17,10.079999923706055,10.350000381469727,9.600000381469727,10.305000305175781,131927
2022-05-18,9.989999771118164,10.305000305175781,9.3149995803833,9.449999809265137,81760
2022-05-19,9.555000305175781,9.75,8.850000381469727,9.630000114440918,206540
2022-05-20,9.600000381469727,10.03499984741211,8.699999809265137,9.449999809265137,140013
2022-05-23,9.404999732971191,10.319999694824219,9.0,10.199999809265137,138380
2022-05-24,9.614999771118164,10.199999809265137,9.225000381469727,9.824999809265137,141660
2022-05-25,9.75,10.664999961853027,9.300000190734863,10.140000343322754,75700
2022-05-26,9.899999618530273,11.984999656677246,9.524999618530273,11.609999656677246,220233
2022-05-27,11.670000076293945,14.399999618530273,11.399999618530273,13.470000267028809,229667
2022-05-31,13.5,13.649999618530273,12.0,12.0,133400
2022-06-01,12.390000343322754,12.585000038146973,11.699999809265137,11.71500015258789,113000
2022-06-02,11.699999809265137,12.270000457763672,10.515000343322754,12.135000228881836,189507
2022-06-03,11.925000190734863,12.029999732971191,10.78499984741211,10.78499984741211,61220
2022-06-06,11.475000381469727,12.119999885559082,10.949999809265137,11.850000381469727,105287
2022-06-07,11.774999618530273,12.600000381469727,11.550000190734863,12.28499984741211,69673
2022-06-08,12.449999809265137,12.600000381469727,11.175000190734863,11.984999656677246,98453
2022-06-09,11.970000267028809,11.984999656677246,10.845000267028809,10.859999656677246,45900
2022-06-10,10.904999732971191,11.039999961853027,10.274999618530273,10.800000190734863,55567
2022-06-13,10.199999809265137,10.649999618530273,8.850000381469727,8.9399995803833,89507
2022-06-14,9.225000381469727,9.600000381469727,8.71500015258789,9.600000381469727,91107
2022-06-15,9.720000267028809,9.899999618530273,9.045000076293945,9.300000190734863,85387
2022-06-16,9.300000190734863,9.3149995803833,8.414999961853027,8.460000038146973,124427
2022-06-17,9.0,9.300000190734863,8.550000190734863,8.640000343322754,95667
2022-06-21,9.300000190734863,9.300000190734863,8.550000190734863,8.835000038146973,73627
2022-06-22,8.670000076293945,9.0,8.460000038146973,8.760000228881836,108820
2022-06-23,8.71500015258789,9.149999618530273,8.595000267028809,9.09000015258789,51033
2022-06-24,9.0,10.739999771118164,8.819999694824219,8.819999694824219,397940
2022-06-27,9.029999732971191,9.420000076293945,9.0,9.074999809265137,63160
2022-06-28,9.300000190734863,9.675000190734863,8.654999732971191,8.954999923706055,76393
2022-06-29,8.850000381469727,8.850000381469727,8.1899995803833,8.505000114440918,92100
2022-06-30,8.550000190734863,9.119999885559082,7.980000019073486,8.970000267028809,83560
2022-07-01,9.329999923706055,10.0649995803833,9.0,9.149999618530273,130467
2022-07-05,9.0,9.585000038146973,8.414999961853027,8.550000190734863,138873
2022-07-06,8.399999618530273,8.640000343322754,7.949999809265137,8.15999984741211,160040
2022-07-07,8.399999618530273,9.239999771118164,8.25,8.895000457763672,105993
2022-07-08,8.699999809265137,9.149999618530273,8.550000190734863,8.670000076293945,68613
2022-07-11,8.550000190734863,8.850000381469727,8.25,8.265000343322754,61060
2022-07-12,8.1899995803833,8.520000457763672,8.130000114440918,8.369999885559082,31193
2022-07-13,8.100000381469727,8.1899995803833,7.84499979019165,7.994999885559082,69333
2022-07-14,7.724999904632568,8.25,7.724999904632568,8.024999618530273,62667
2022-07-15,7.949999809265137,8.354999542236328,7.739999771118164,7.739999771118164,90400
2022-07-18,7.90500020980835,8.25,7.664999961853027,7.769999980926514,56467
2022-07-19,7.664999961853027,8.385000228881836,7.664999961853027,8.25,62033
2022-07-20,8.324999809265137,8.984999656677246,8.25,8.414999961853027,79087
2022-07-21,8.399999618530273,8.550000190734863,8.25,8.34000015258789,22147
2022-07-22,8.625,8.670000076293945,7.949999809265137,8.069999694824219,155133
2022-07-25,7.84499979019165,8.220000267028809,7.815000057220459,8.085000038146973,53980
2022-07-26,8.085000038146973,8.085000038146973,7.650000095367432,7.724999904632568,70207
2022-07-27,7.800000190734863,8.100000381469727,7.724999904632568,8.085000038146973,43687
2022-07-28,7.829999923706055,8.385000228881836,7.664999961853027,8.369999885559082,46960
2022-07-29,8.234999656677246,8.625,7.994999885559082,8.25,30380
2022-08-01,8.130000114440918,9.149999618530273,7.965000152587891,8.444999694824219,87547
2022-08-02,8.25,8.835000038146973,7.980000019073486,8.15999984741211,86087
2022-08-03,8.265000343322754,8.550000190734863,7.920000076293945,7.949999809265137,89520
2022-08-04,8.085000038146973,8.220000267028809,7.800000190734863,7.949999809265137,81487
2022-08-05,8.100000381469727,8.100000381469727,7.724999904632568,7.949999809265137,61673
2022-08-08,8.100000381469727,9.600000381469727,7.965000152587891,9.300000190734863,117787
2022-08-09,9.600000381469727,9.600000381469727,8.550000190734863,8.774999618530273,60413
2022-08-10,9.0,9.449999809265137,8.850000381469727,9.420000076293945,38327
2022-08-11,9.449999809265137,9.75,8.864999771118164,9.510000228881836,77047
2022-08-12,9.614999771118164,16.350000381469727,9.449999809265137,13.484999656677246,981767
2022-08-15,12.795000076293945,13.800000190734863,11.729999542236328,13.260000228881836,163047
2022-08-16,11.5649995803833,12.0,8.399999618530273,9.239999771118164,461007
2022-08-17,9.300000190734863,9.449999809265137,8.550000190734863,8.550000190734863,132767
2022-08-18,8.399999618530273,8.609999656677246,7.559999942779541,7.739999771118164,164220
2022-08-19,7.800000190734863,7.875,7.545000076293945,7.650000095367432,85200
2022-08-22,7.650000095367432,7.800000190734863,7.050000190734863,7.170000076293945,173233
2022-08-23,7.050000190734863,7.335000038146973,6.900000095367432,7.304999828338623,57907
2022-08-24,7.380000114440918,7.605000019073486,7.199999809265137,7.46999979019165,80567
2022-08-25,7.650000095367432,7.650000095367432,7.349999904632568,7.605000019073486,55493
2022-08-26,7.349999904632568,7.5,6.929999828338623,7.139999866485596,74607
2022-08-29,7.335000038146973,7.349999904632568,6.974999904632568,7.170000076293945,68693
2022-08-30,7.09499979019165,7.170000076293945,6.900000095367432,6.960000038146973,44167
2022-08-31,7.050000190734863,7.050000190734863,6.599999904632568,6.78000020980835,84013
2022-09-01,6.525000095367432,6.75,6.300000190734863,6.420000076293945,58807
2022-09-02,6.434999942779541,6.434999942779541,6.045000076293945,6.150000095367432,71533
2022-09-06,6.150000095367432,6.150000095367432,5.699999809265137,5.744999885559082,66607
2022-09-07,5.699999809265137,6.195000171661377,5.699999809265137,5.954999923706055,113160
2022-09-08,5.864999771118164,6.434999942779541,5.849999904632568,6.375,37313
2022-09-09,6.195000171661377,6.420000076293945,6.150000095367432,6.239999771118164,39620
2022-09-12,6.210000038146973,6.434999942779541,6.014999866485596,6.300000190734863,47653
2022-09-13,6.059999942779541,6.300000190734863,5.835000038146973,5.96999979019165,49060
2022-09-14,6.150000095367432,6.150000095367432,5.715000152587891,5.804999828338623,47793
2022-09-15,5.699999809265137,6.224999904632568,5.699999809265137,6.150000095367432,31127
2022-09-16,6.0,6.105000019073486,5.699999809265137,5.96999979019165,32440
2022-09-19,5.699999809265137,5.940000057220459,5.550000190734863,5.940000057220459,33780
2022-09-20,5.760000228881836,5.940000057220459,5.610000133514404,5.849999904632568,31473
2022-09-21,5.699999809265137,5.96999979019165,5.639999866485596,5.789999961853027,36507
2022-09-22,5.699999809265137,5.699999809265137,5.25,5.519999980926514,60820
2022-09-23,5.550000190734863,5.699999809265137,5.25,5.28000020980835,31013
2022-09-26,5.385000228881836,5.699999809265137,4.934999942779541,4.934999942779541,103267
2022-09-27,5.070000171661377,5.400000095367432,4.949999809265137,5.190000057220459,76040
2022-09-28,5.21999979019165,5.639999866485596,5.099999904632568,5.400000095367432,24187
2022-09-29,5.550000190734863,5.550000190734863,5.099999904632568,5.385000228881836,22880
2022-09-30,5.699999809265137,5.699999809265137,5.25,5.324999809265137,16633
2022-10-03,5.519999980926514,5.849999904632568,5.159999847412109,5.775000095367432,22247
2022-10-04,5.820000171661377,6.300000190734863,5.699999809265137,6.150000095367432,35413
2022-10-05,6.150000095367432,6.449999809265137,5.849999904632568,6.269999980926514,16993
2022-10-06,6.420000076293945,6.510000228881836,5.715000152587891,6.074999809265137,28980
2022-10-07,6.0,6.269999980926514,5.820000171661377,5.864999771118164,29753
2022-10-10,5.775000095367432,5.775000095367432,5.264999866485596,5.565000057220459,20880
2022-10-11,5.550000190734863,5.715000152587891,5.25,5.295000076293945,41933
2022-10-12,5.550000190734863,5.550000190734863,4.980000019073486,5.295000076293945,23960
2022-10-13,5.114999771118164,5.369999885559082,5.099999904632568,5.28000020980835,15800
2022-10-14,5.25,5.400000095367432,5.099999904632568,5.355000019073486,28500
2022-10-17,4.949999809265137,5.400000095367432,4.949999809265137,5.28000020980835,27120
2022-10-18,5.28000020980835,5.519999980926514,5.114999771118164,5.264999866485596,25607
2022-10-19,5.25,5.550000190734863,4.994999885559082,5.25,51567
2022-10-20,5.235000133514404,5.400000095367432,5.039999961853027,5.25,55253
2022-10-21,5.309999942779541,5.385000228881836,5.099999904632568,5.25,17207
2022-10-24,5.400000095367432,5.699999809265137,4.965000152587891,5.340000152587891,35733
2022-10-25,5.295000076293945,5.775000095367432,5.190000057220459,5.775000095367432,42253
2022-10-26,5.849999904632568,6.300000190734863,5.730000019073486,6.255000114440918,78727
2022-10-27,6.239999771118164,6.255000114440918,5.699999809265137,5.775000095367432,25033
2022-10-28,5.699999809265137,6.045000076293945,5.550000190734863,6.0,24793
2022-10-31,6.150000095367432,7.050000190734863,5.849999904632568,6.900000095367432,52153
2022-11-01,6.75,7.09499979019165,6.179999828338623,7.050000190734863,36247
2022-11-02,6.840000152587891,6.840000152587891,6.480000019073486,6.644999980926514,22667
2022-11-03,6.480000019073486,6.585000038146973,6.195000171661377,6.239999771118164,18233
2022-11-04,6.195000171661377,6.449999809265137,6.150000095367432,6.195000171661377,13553
2022-11-07,6.224999904632568,7.184999942779541,6.014999866485596,6.78000020980835,40067
2022-11-08,6.570000171661377,6.945000171661377,6.224999904632568,6.585000038146973,85033
2022-11-09,6.795000076293945,7.485000133514404,6.195000171661377,7.199999809265137,66700
2022-11-10,7.050000190734863,7.454999923706055,6.869999885559082,7.349999904632568,60660
2022-11-11,6.105000019073486,7.034999847412109,5.925000190734863,6.0,96507
2022-11-14,6.0,6.0,5.65500020980835,5.715000152587891,52353
2022-11-15,5.760000228881836,6.599999904632568,5.699999809265137,6.525000095367432,456420
2022-11-16,6.599999904632568,7.5,6.300000190734863,7.349999904632568,310227
2022-11-17,7.050000190734863,9.420000076293945,6.75,9.300000190734863,365720
2022-11-18,8.65999984741211,8.989999771118164,6.860000133514404,7.019999980926514,382900
2022-11-21,6.829999923706055,8.5,6.5,8.069999694824219,325600
2022-11-22,7.619999885559082,9.079999923706055,7.619999885559082,8.850000381469727,201400
2022-11-23,8.850000381469727,9.430000305175781,8.729999542236328,9.029999732971191,130900
2022-11-25,8.899999618530273,9.229999542236328,8.600000381469727,9.170000076293945,30500
2022-11-28,9.430000305175781,10.770000457763672,8.949999809265137,10.390000343322754,173900
2022-11-29,10.40999984741211,12.6899995803833,10.229999542236328,11.5,416200
2022-11-30,11.800000190734863,14.5,11.800000190734863,13.0,669700
2022-12-01,13.0,13.649999618530273,10.545999526977539,11.859999656677246,252000
2022-12-02,11.84000015258789,12.779999732971191,11.295000076293945,12.380000114440918,198800
2022-12-05,12.380000114440918,12.4399995803833,11.565999984741211,11.710000038146973,103100
2022-12-06,12.09000015258789,12.09000015258789,11.010000228881836,11.550000190734863,54600
2022-12-07,11.539999961853027,14.029999732971191,11.069999694824219,14.020000457763672,184500
2022-12-08,14.25,14.25,13.420000076293945,14.130000114440918,111000
2022-12-09,14.010000228881836,16.1200008392334,13.670999526977539,14.0600004196167,199700
2022-12-12,14.0,16.350000381469727,13.710000038146973,16.059999465942383,178400
2022-12-13,17.0,17.5,16.27199935913086,17.0,224600
2022-12-14,17.5,17.750999450683594,14.630000114440918,14.630000114440918,103400
2022-12-15,14.8100004196167,15.539999961853027,14.199999809265137,14.479999542236328,66200
2022-12-16,14.210000038146973,15.12600040435791,13.800000190734863,14.430000305175781,57300
2022-12-19,14.210000038146973,14.420000076293945,13.531999588012695,13.859999656677246,35900
2022-12-20,13.800000190734863,13.800000190734863,12.020000457763672,12.170000076293945,57600
2022-12-21,12.199999809265137,13.98799991607666,12.020000457763672,13.460000038146973,69000
2022-12-22,13.359999656677246,13.520000457763672,12.680000305175781,13.300000190734863,43000
2022-12-23,13.350000381469727,13.350000381469727,12.600000381469727,13.010000228881836,28900
2022-12-27,12.270000457763672,12.420000076293945,10.503000259399414,10.640000343322754,94600
2022-12-28,10.4399995803833,10.789999961853027,10.300000190734863,10.319999694824219,28800
2022-12-29,10.279999732971191,10.895000457763672,10.010000228881836,10.40999984741211,49000
2022-12-30,10.069999694824219,10.619999885559082,9.899999618530273,10.449999809265137,71500
2023-01-03,10.539999961853027,10.595000267028809,9.640000343322754,10.130000114440918,97000
2023-01-04,10.140000343322754,10.399999618530273,9.920000076293945,10.300000190734863,30500
2023-01-05,10.109999656677246,12.979999542236328,10.09000015258789,12.300000190734863,122900
2023-01-06,12.140000343322754,12.1850004196167,11.0600004196167,12.010000228881836,42800
2023-01-09,12.050000190734863,13.569999694824219,12.050000190734863,13.239999771118164,35500
2023-01-10,12.9399995803833,14.4399995803833,12.9399995803833,13.5600004196167,77900
2023-01-11,13.710000038146973,14.329999923706055,13.069999694824219,13.5,28400
2023-01-12,13.260000228881836,13.460000038146973,12.539999961853027,12.90999984741211,33400
2023-01-13,12.5,13.300000190734863,12.5,13.140000343322754,35100
2023-01-17,13.3100004196167,16.5,13.180000305175781,16.200000762939453,144200
2023-01-18,16.579999923706055,17.450000762939453,15.180000305175781,15.420000076293945,150000
2023-01-19,15.369999885559082,15.390000343322754,13.864999771118164,13.949999809265137,35300
2023-01-20,14.0,14.899999618530273,13.65999984741211,14.260000228881836,27300
2023-01-23,14.229999542236328,14.4399995803833,13.324999809265137,13.8100004196167,37900
2023-01-24,13.449999809265137,14.104999542236328,13.1899995803833,13.5,20700
2023-01-25,13.369999885559082,13.625,12.75,13.420000076293945,39900
2023-01-26,13.479999542236328,14.680000305175781,13.479999542236328,14.100000381469727,26900
2023-01-27,14.020000457763672,15.4350004196167,14.017999649047852,14.899999618530273,46100
2023-01-30,14.510000228881836,15.300000190734863,14.510000228881836,15.119999885559082,20600
2023-01-31,15.170000076293945,15.819999694824219,14.949999809265137,15.479999542236328,31100
2023-02-01,15.300000190734863,16.5,14.979999542236328,16.5,60800
2023-02-02,16.920000076293945,16.920000076293945,15.739999771118164,16.239999771118164,42100
2023-02-03,15.770000457763672,16.219999313354492,14.720000267028809,15.020000457763672,42600
2023-02-06,14.529999732971191,15.663999557495117,14.229000091552734,14.800000190734863,42100
2023-02-07,14.720000267028809,16.200000762939453,14.710000038146973,16.0,27800
2023-02-08,15.90999984741211,16.489999771118164,15.295000076293945,16.219999313354492,27600
2023-02-09,16.270000457763672,17.25,15.479999542236328,16.600000381469727,89800
2023-02-10,16.459999084472656,17.239999771118164,15.319999694824219,16.809999465942383,45400
2023-02-13,16.469999313354492,17.25,16.450000762939453,16.950000762939453,49000
2023-02-14,16.690000534057617,17.049999237060547,16.100000381469727,16.309999465942383,136900
2023-02-15,16.229999542236328,17.40999984741211,16.229999542236328,17.40999984741211,20000
2023-02-16,16.979999542236328,17.979999542236328,16.850000381469727,17.0,47700
2023-02-17,16.93000030517578,16.979999542236328,15.529999732971191,16.799999237060547,55000
2023-02-21,16.459999084472656,16.690000534057617,15.260000228881836,15.579999923706055,21300
2023-02-22,15.5600004196167,16.459999084472656,15.5600004196167,16.06999969482422,13700
2023-02-23,16.280000686645508,16.610000610351562,15.734999656677246,16.350000381469727,13600
2023-02-24,15.84000015258789,16.549999237060547,15.430000305175781,16.34000015258789,9300
2023-02-27,16.549999237060547,17.0,15.84000015258789,16.520000457763672,77600
2023-02-28,16.559999465942383,16.889999389648438,15.845000267028809,16.209999084472656,41000
2023-03-01,16.0,17.459999084472656,15.836000442504883,17.1299991607666,28000
2023-03-02,17.399999618530273,19.826000213623047,16.618999481201172,19.079999923706055,132800
2023-03-03,19.579999923706055,19.84600067138672,18.200000762939453,18.360000610351562,48300
2023-03-06,18.690000534057617,18.950000762939453,17.829999923706055,18.270000457763672,57500
2023-03-07,18.270000457763672,19.479999542236328,18.209999084472656,18.3799991607666,38800
2023-03-08,18.6200008392334,19.440000534057617,18.270000457763672,19.100000381469727,30500
2023-03-09,19.010000228881836,19.040000915527344,18.040000915527344,18.5,44400
2023-03-10,18.479999542236328,18.479999542236328,16.469999313354492,17.440000534057617,71800
2023-03-13,16.889999389648438,17.299999237060547,16.049999237060547,16.549999237060547,33800
2023-03-14,16.8799991607666,17.277000427246094,15.954999923706055,16.579999923706055,41100
2023-03-15,16.0,16.540000915527344,15.890000343322754,16.5,34500
2023-03-16,16.40999984741211,18.200000762939453,16.010000228881836,17.5,50100
2023-03-17,15.390000343322754,16.274999618530273,13.199999809265137,13.220000267028809,143800
2023-03-20,12.800000190734863,13.9399995803833,12.020000457763672,13.569999694824219,139900
2023-03-21,13.619999885559082,15.470000267028809,13.524999618530273,15.470000267028809,103500
2023-03-22,15.100000381469727,16.149999618530273,15.069999694824219,15.130000114440918,27700
2023-03-23,15.180000305175781,15.305000305175781,13.880000114440918,14.109999656677246,28400
2023-03-24,13.869999885559082,14.914999961853027,13.869999885559082,14.510000228881836,19900
2023-03-27,14.59000015258789,15.819999694824219,14.59000015258789,14.979999542236328,24000
2023-03-28,14.90999984741211,15.550000190734863,14.22700023651123,14.960000038146973,13200
2023-03-29,14.920000076293945,15.4399995803833,14.524999618530273,15.09000015258789,26100
2023-03-30,15.289999961853027,15.859999656677246,14.725000381469727,15.5600004196167,26100
2023-03-31,15.520000457763672,16.299999237060547,15.520000457763672,16.280000686645508,39300
2023-04-03,16.030000686645508,16.739999771118164,15.975000381469727,16.59000015258789,28000
2023-04-04,15.920000076293945,16.253000259399414,13.470000267028809,14.079999923706055,174200
2023-04-05,14.010000228881836,14.46500015258789,13.788000106811523,14.0,21000
2023-04-06,14.0600004196167,14.729999542236328,14.0,14.289999961853027,20000
2023-04-10,14.100000381469727,14.350000381469727,13.729999542236328,14.100000381469727,34900
2023-04-11,14.140000343322754,14.395000457763672,13.800000190734863,13.800000190734863,27300
2023-04-12,14.069999694824219,14.140000343322754,12.600000381469727,12.75,40100
2023-04-13,12.75,13.479999542236328,12.656000137329102,13.289999961853027,26700
2023-04-14,13.15999984741211,13.819999694824219,13.0,13.4399995803833,16300
2023-04-17,13.5,14.390000343322754,13.489999771118164,14.199999809265137,16000
2023-04-18,14.109999656677246,14.109999656677246,12.579999923706055,12.65999984741211,54200
2023-04-19,12.819999694824219,13.420000076293945,12.819999694824219,13.279999732971191,16200
2023-04-20,12.890000343322754,13.28499984741211,12.300000190734863,12.300000190734863,23300
2023-04-21,12.399999618530273,12.399999618530273,11.84000015258789,11.979999542236328,17400
2023-04-24,11.9399995803833,11.989999771118164,11.550000190734863,11.5600004196167,20400
2023-04-25,11.5,11.975000381469727,9.170000076293945,9.359999656677246,109900
2023-04-26,9.569999694824219,9.600000381469727,7.534999847412109,7.679999828338623,226300
2023-04-27,7.489999771118164,8.229999542236328,7.050000190734863,8.039999961853027,107500
2023-04-28,7.989999771118164,8.8149995803833,7.699999809265137,8.699999809265137,86500
2023-05-01,8.5,8.6899995803833,7.960000038146973,8.4399995803833,51700
2023-05-02,8.239999771118164,9.359999656677246,8.107000350952148,8.930000305175781,35800
2023-05-03,8.949999809265137,10.34000015258789,8.699999809265137,9.930000305175781,40400
2023-05-04,9.84000015258789,9.899999618530273,9.25,9.569999694824219,12300
2023-05-05,9.699999809265137,9.829999923706055,9.199999809265137,9.739999771118164,20500
2023-05-08,10.510000228881836,13.192999839782715,10.100000381469727,12.880000114440918,155800
2023-05-09,13.0,13.77299976348877,12.36400032043457,12.880000114440918,52000
2023-05-10,13.020000457763672,14.869999885559082,12.399999618530273,14.630000114440918,121400
2023-05-11,14.260000228881836,14.720000267028809,13.890000343322754,14.640000343322754,38100
2023-05-12,14.609999656677246,14.609999656677246,14.069999694824219,14.100000381469727,27700
2023-05-15,14.0,14.579999923706055,12.829999923706055,14.289999961853027,95900
2023-05-16,14.15999984741211,14.329999923706055,13.277999877929688,13.539999961853027,11300
2023-05-17,13.539999961853027,16.479999542236328,13.270000457763672,16.25,139700
2023-05-18,16.459999084472656,17.65999984741211,15.65999984741211,17.440000534057617,99600
2023-05-19,17.600000381469727,20.700000762939453,16.969999313354492,19.739999771118164,332900
2023-05-22,19.739999771118164,20.450000762939453,18.510000228881836,19.739999771118164,261100
2023-05-23,19.399999618530273,19.950000762939453,18.760000228881836,19.030000686645508,178400
2023-05-24,18.899999618530273,19.43000030517578,18.0,18.059999465942383,46100
2023-05-25,18.34000015258789,18.34000015258789,16.8700008392334,16.950000762939453,50700
2023-05-26,16.950000762939453,18.15999984741211,16.690000534057617,17.760000228881836,38300
2023-05-30,18.139999389648438,18.618999481201172,17.079999923706055,17.799999237060547,56500
2023-05-31,18.190000534057617,19.239999771118164,17.5,19.059999465942383,84900
2023-06-01,19.1299991607666,20.47800064086914,18.600000381469727,19.450000762939453,127800
2023-06-02,19.639999389648438,20.40999984741211,19.586999893188477,19.739999771118164,57500
2023-06-05,19.690000534057617,20.3799991607666,18.280000686645508,20.0,35000
2023-06-06,19.5,20.700000762939453,19.209999084472656,19.84000015258789,58100
2023-06-07,19.829999923706055,20.510000228881836,19.209999084472656,19.43000030517578,41600
2023-06-08,19.299999237060547,20.06999969482422,19.299999237060547,19.850000381469727,27000
2023-06-09,19.790000915527344,20.349000930786133,19.239999771118164,19.649999618530273,26500
2023-06-12,19.479999542236328,20.40999984741211,19.270000457763672,19.690000534057617,41400
2023-06-13,19.729999542236328,20.43000030517578,18.969999313354492,19.299999237060547,48400
2023-06-14,19.290000915527344,19.780000686645508,18.649999618530273,19.100000381469727,30200
2023-06-15,18.829999923706055,20.100000381469727,18.829999923706055,19.770000457763672,36900
2023-06-16,19.84000015258789,21.0,19.670000076293945,19.780000686645508,75100
2023-06-20,19.719999313354492,20.440000534057617,19.3799991607666,20.190000534057617,47600
2023-06-21,19.889999389648438,20.579999923706055,19.5,19.799999237060547,81900
2023-06-22,19.690000534057617,19.940000534057617,19.17099952697754,19.34000015258789,51700
2023-06-23,19.0,19.530000686645508,18.81999969482422,19.3799991607666,532700
2023-06-26,18.84000015258789,19.780000686645508,18.829999923706055,19.020000457763672,54200
2023-06-27,19.200000762939453,19.735000610351562,18.860000610351562,19.6299991607666,36300
2023-06-28,19.510000228881836,20.202999114990234,19.110000610351562,19.350000381469727,45600
2023-06-29,19.3799991607666,19.989999771118164,19.209999084472656,19.690000534057617,28900
2023-06-30,19.93000030517578,22.850000381469727,19.5,19.709999084472656,236200
2023-07-03,19.649999618530273,20.350000381469727,19.010000228881836,19.440000534057617,29600
2023-07-05,19.40999984741211,21.14900016784668,19.3700008392334,20.100000381469727,138700
2023-07-06,19.940000534057617,20.740999221801758,18.510000228881836,19.34000015258789,99500
2023-07-07,19.239999771118164,19.860000610351562,19.239999771118164,19.43000030517578,24600
2023-07-10,19.229999542236328,19.700000762939453,19.209999084472656,19.360000610351562,32400
2023-07-11,19.360000610351562,19.360000610351562,18.850000381469727,19.149999618530273,30800
2023-07-12,19.25,19.25,18.59000015258789,18.670000076293945,44500
2023-07-13,18.639999389648438,19.209999084472656,18.3700008392334,18.65999984741211,50100
2023-07-14,18.40999984741211,18.56999969482422,17.09000015258789,17.5,83400
2023-07-17,17.489999771118164,18.200000762939453,17.489999771118164,18.030000686645508,31600
2023-07-18,17.889999389648438,18.270000457763672,17.81999969482422,18.209999084472656,22200
2023-07-19,18.260000228881836,18.770999908447266,18.040000915527344,18.15999984741211,14400
2023-07-20,18.170000076293945,18.34000015258789,17.899999618530273,18.34000015258789,13100
2023-07-21,18.450000762939453,18.600000381469727,17.8700008392334,18.049999237060547,14600
2023-07-24,18.079999923706055,18.079999923706055,17.1200008392334,17.959999084472656,25300
2023-07-25,17.812000274658203,18.17099952697754,17.812000274658203,17.860000610351562,9000
2023-07-26,17.809999465942383,18.469999313354492,17.809999465942383,18.440000534057617,5700
2023-07-27,18.610000610351562,18.610000610351562,17.690000534057617,17.90999984741211,16800
2023-07-28,18.15999984741211,18.790000915527344,18.15999984741211,18.5,20300
2023-07-31,18.56999969482422,18.8799991607666,18.263999938964844,18.520000457763672,13400
2023-08-01,18.450000762939453,19.56999969482422,18.450000762939453,19.209999084472656,37800
2023-08-02,19.079999923706055,19.600000381469727,19.079999923706055,19.280000686645508,14900
2023-08-03,19.09000015258789,19.81999969482422,18.95599937438965,19.09000015258789,23300
2023-08-04,19.1200008392334,19.3799991607666,18.40999984741211,18.68000030517578,6100
2023-08-07,18.579999923706055,18.875,18.18000030517578,18.270000457763672,11600
2023-08-08,18.200000762939453,19.450000762939453,18.100000381469727,19.270000457763672,20700
2023-08-09,19.25,19.25,17.56999969482422,17.90999984741211,37100
2023-08-10,18.6299991607666,19.540000915527344,18.25,18.65999984741211,30900
2023-08-11,18.610000610351562,19.25,18.610000610351562,19.1200008392334,19700
2023-08-14,18.93000030517578,19.295000076293945,18.54199981689453,19.139999389648438,34900
2023-08-15,18.920000076293945,19.350000381469727,18.5,19.040000915527344,25000
2023-08-16,18.714000701904297,19.489999771118164,18.714000701904297,19.309999465942383,26000
2023-08-17,19.030000686645508,19.030000686645508,17.950000762939453,18.34000015258789,26100
2023-08-18,18.229999542236328,18.367000579833984,17.979999542236328,18.049999237060547,12600
2023-08-21,17.8799991607666,18.07699966430664,16.56800079345703,17.110000610351562,22400
2023-08-22,17.110000610351562,17.84000015258789,16.75,17.489999771118164,14400
2023-08-23,17.801000595092773,18.190000534057617,17.5,18.0,10500
2023-08-24,17.799999237060547,18.916000366210938,17.35099983215332,18.479999542236328,19600
2023-08-25,17.6299991607666,18.091999053955078,17.5,17.600000381469727,14700
2023-08-28,17.100000381469727,17.760000228881836,16.649999618530273,17.010000228881836,28700
2023-08-29,16.829999923706055,17.510000228881836,16.09000015258789,16.31999969482422,16500
2023-08-30,16.1200008392334,16.155000686645508,15.5,15.829999923706055,21600
2023-08-31,15.819999694824219,16.319000244140625,15.8100004196167,15.890000343322754,10800
2023-09-01,15.75,15.899999618530273,15.100000381469727,15.710000038146973,28300
2023-09-05,15.470000267028809,15.614999771118164,14.649999618530273,15.479999542236328,18800
2023-09-06,15.279999732971191,15.289999961853027,14.444999694824219,15.029999732971191,14000
2023-09-07,14.949999809265137,15.270000457763672,14.75,15.039999961853027,8000
2023-09-08,15.109999656677246,15.210000038146973,14.682000160217285,14.829999923706055,5700
2023-09-11,14.760000228881836,15.1899995803833,14.670000076293945,15.010000228881836,21700
2023-09-12,15.149999618530273,16.5,15.109999656677246,16.25,16200
2023-09-13,16.049999237060547,16.415000915527344,15.079999923706055,15.09000015258789,17900
2023-09-14,15.0,15.675000190734863,14.989999771118164,15.109999656677246,12400
2023-09-15,15.0,15.39900016784668,14.609999656677246,14.949999809265137,41600
2023-09-18,14.699999809265137,14.897000312805176,14.010000228881836,14.220000267028809,24300
2023-09-19,14.199999809265137,14.640000343322754,14.199999809265137,14.489999771118164,18700
2023-09-20,14.59000015258789,15.496999740600586,14.28499984741211,14.5,57800
2023-09-21,14.609999656677246,14.6899995803833,14.100000381469727,14.3100004196167,26300
2023-09-22,14.279999732971191,14.350000381469727,14.020000457763672,14.220000267028809,30700
2023-09-25,14.229999542236328,14.720000267028809,14.229999542236328,14.390000343322754,33200
2023-09-26,14.15999984741211,14.845000267028809,14.0,14.119999885559082,93100
2023-09-27,14.210000038146973,14.8100004196167,14.119999885559082,14.319999694824219,15200
2023-09-28,14.390000343322754,14.550000190734863,14.109999656677246,14.4399995803833,11000
2023-09-29,14.3100004196167,14.5,14.149999618530273,14.489999771118164,22000
2023-10-02,14.289999961853027,14.289999961853027,14.041000366210938,14.09000015258789,10900
2023-10-03,14.0,14.1850004196167,14.0,14.100000381469727,33400
2023-10-04,14.435999870300293,14.449999809265137,14.069999694824219,14.300000190734863,13000
2023-10-05,14.130000114440918,14.329999923706055,14.130000114440918,14.239999771118164,13100
2023-10-06,14.4399995803833,14.479999542236328,14.083999633789062,14.25,26400
2023-10-09,14.642999649047852,14.73799991607666,14.0600004196167,14.119999885559082,31800
2023-10-10,14.0600004196167,14.510000228881836,14.0600004196167,14.210000038146973,30700
2023-10-11,14.1899995803833,14.199999809265137,14.09000015258789,14.130000114440918,13600
2023-10-12,14.140000343322754,14.239999771118164,14.0,14.020000457763672,42700
2023-10-13,14.029999732971191,14.152000427246094,12.722999572753906,13.1899995803833,149700
2023-10-16,13.100000381469727,13.100000381469727,12.399999618530273,12.6899995803833,67700
2023-10-17,12.5600004196167,13.0649995803833,12.5,12.649999618530273,21500
2023-10-18,12.6899995803833,12.6899995803833,12.25,12.399999618530273,26800
2023-10-19,12.460000038146973,12.5600004196167,12.170000076293945,12.199999809265137,9600
2023-10-20,12.239999771118164,12.725000381469727,11.899999618530273,12.140000343322754,22800
2023-10-23,11.739999771118164,12.640000343322754,11.739999771118164,12.229999542236328,15400
2023-10-24,12.180000305175781,12.600000381469727,12.039999961853027,12.4350004196167,7300
2023-10-25,12.40999984741211,12.640000343322754,12.289999961853027,12.539999961853027,10000
2023-10-26,12.553000450134277,12.890000343322754,12.4399995803833,12.619999885559082,10100
2023-10-27,12.489999771118164,12.84000015258789,12.461000442504883,12.720000267028809,5600
2023-10-30,12.859999656677246,13.869999885559082,12.619999885559082,13.869999885559082,15700
2023-10-31,13.75,14.039999961853027,13.680000305175781,14.039999961853027,5700
2023-11-01,14.029999732971191,14.029999732971191,13.699999809265137,14.020000457763672,4300
2023-11-02,14.149999618530273,14.65999984741211,13.979999542236328,14.380000114440918,12400
2023-11-03,14.399999618530273,15.199999809265137,14.029999732971191,14.170000076293945,29200
2023-11-06,14.020000457763672,14.170000076293945,12.8100004196167,13.050000190734863,26000
2023-11-07,12.51200008392334,13.343000411987305,12.51200008392334,13.15999984741211,12700
2023-11-08,13.260000228881836,13.390000343322754,12.805000305175781,13.020000457763672,17700
2023-11-09,12.640000343322754,13.359999656677246,12.609999656677246,12.90999984741211,11800
2023-11-10,12.875,13.335000038146973,12.5,13.319999694824219,7200
2023-11-13,12.9399995803833,13.399999618530273,12.640000343322754,13.09000015258789,26900
2023-11-14,13.199999809265137,13.970000267028809,12.680000305175781,13.890000343322754,18300
2023-11-15,13.609999656677246,14.600000381469727,13.609999656677246,14.59000015258789,23600
2023-11-16,14.609999656677246,14.710000038146973,13.199999809265137,13.279999732971191,30400
2023-11-17,13.020000457763672,13.15999984741211,12.210000038146973,12.720000267028809,50000
2023-11-20,12.670000076293945,13.07699966430664,12.40999984741211,13.050000190734863,16200
2023-11-21,12.859999656677246,13.449999809265137,12.859999656677246,12.979999542236328,4800
2023-11-22,12.979999542236328,13.229999542236328,12.65999984741211,13.0600004196167,5000
